GEOID,STATE2KX,CNTY2KX,e(0),se(e(0))
01001,1,1,75.3,1.835
01003,1,3,77.5,1.6443
01005,1,5,74.0,1.6133
01007,1,7,73.6,1.6977
01009,1,9,76.1,1.377
01011,1,11,77.6,2.5941
01013,1,13,73.4,1.7875
01015,1,15,73.1,1.5568
01017,1,17,73.6,1.7189
01019,1,19,74.1,1.4205
01021,1,21,73.9,1.664
01023,1,23,74.7,1.7122
01025,1,25,74.4,2.0162
01027,1,27,74.6,1.5681
01029,1,29,73.3,1.4885
01031,1,31,76.5,1.6746
01033,1,33,73.6,1.6185
01035,1,35,73.5,2.1655
01037,1,37,77.9,1.9183
01039,1,39,74.9,1.7547
01041,1,41,74.5,1.8989
01043,1,43,75.2,1.6621
01045,1,45,76.5,2.0455
01047,1,47,72.5,1.9275
01049,1,49,75.0,1.3379
01051,1,51,75.5,1.7216
01053,1,53,73.5,1.7009
01055,1,55,72.5,1.7792
01057,1,57,73.4,1.2946
01059,1,59,73.4,1.6641
01061,1,61,74.8,1.0773
01063,1,63,75.4,1.78
01065,1,65,75.5,2.2919
01067,1,67,75.8,1.9866
01069,1,69,76.0,1.4372
01071,1,71,73.6,1.4202
01073,1,73,74.2,1.8897
01075,1,75,74.9,2.003
01077,1,77,74.7,1.5439
01079,1,79,73.7,1.9317
01081,1,81,77.5,2.16
01083,1,83,76.0,1.612
01085,1,85,73.7,1.97
01087,1,87,73.1,2.4143
01089,1,89,76.8,1.8356
01091,1,91,75.2,1.6263
01093,1,93,74.4,1.4922
01095,1,95,74.8,1.4377
01097,1,97,74.2,1.8697
01099,1,99,75.0,2.2037
01101,1,101,74.5,2.0418
01103,1,103,75.6,1.8697
01105,1,105,73.9,1.7908
01107,1,107,74.3,1.5583
01109,1,109,75.4,1.9611
01111,1,111,74.4,1.4602
01113,1,113,72.8,1.6554
01115,1,115,74.7,1.48
01117,1,117,78.4,2.0839
01119,1,119,75.9,2.4894
01121,1,121,72.7,1.8381
01123,1,123,74.7,1.9681
01125,1,125,75.0,1.8439
01127,1,127,71.4,1.4865
01129,1,129,74.9,1.7812
01131,1,131,74.2,1.9362
01133,1,133,75.0,1.6723
02013,2,13,86.9,1.5971
02016,2,16,77.8,2.4333
02020,2,20,78.0,2.1535
02050,2,50,78.7,2.1436
02060,2,60,79.9,3.4288
02070,2,70,83.2,2.71
02090,2,90,78.1,2.4071
02100,2,100,82.6,2.0412
02105,2,105,79.3,1.146
02110,2,110,81.2,2.5595
02122,2,122,80.2,1.9996
02130,2,130,79.8,1.6678
02150,2,150,80.4,2.6252
02164,2,164,77.0,0.8609
02170,2,170,79.0,2.1618
02180,2,180,82.2,2.0547
02185,2,185,78.6,2.5052
02188,2,188,77.5,1.3177
02195,2,195,84.6,2.0496
02198,2,198,77.9,1.2778
02220,2,220,79.0,1.32
02230,2,230,80.8,1.7952
02240,2,240,77.8,1.0433
02261,2,261,81.0,2.5386
02275,2,275,78.7,0.9151
02290,2,290,76.3,2.134
04001,4,1,75.7,1.1435
04003,4,3,78.2,2.1302
04005,4,5,78.9,1.9123
04007,4,7,78.5,2.0532
04009,4,9,78.3,1.7477
04011,4,11,82.7,3.141
04012,4,12,76.7,1.805
04013,4,13,78.6,2.1697
04015,4,15,75.1,1.7765
04017,4,17,76.7,1.8272
04019,4,19,78.3,2.0482
04021,4,21,78.6,2.4015
04023,4,23,81.5,2.1287
04025,4,25,78.8,1.9161
04027,4,27,78.1,2.1204
05001,5,1,74.7,1.9664
05003,5,3,76.2,1.6004
05005,5,5,75.3,1.5382
05007,5,7,78.1,1.8485
05009,5,9,76.5,1.4854
05011,5,11,73.3,1.8265
05013,5,13,74.6,1.3531
05015,5,15,77.0,1.6488
05017,5,17,74.4,1.7706
05019,5,19,75.0,1.3253
05021,5,21,73.7,1.6914
05023,5,23,76.7,1.9779
05025,5,25,76.8,1.2637
05027,5,27,77.1,1.8977
05029,5,29,75.0,1.4943
05031,5,31,75.8,1.6975
05033,5,33,75.5,1.5959
05035,5,35,73.3,2.4669
05037,5,37,73.8,1.9329
05039,5,39,74.2,1.8623
05041,5,41,75.1,2.0563
05043,5,43,75.6,2.0626
05045,5,45,76.0,1.5969
05047,5,47,74.7,1.4341
05049,5,49,76.6,1.5708
05051,5,51,74.3,1.6503
05053,5,53,75.6,1.5699
05055,5,55,75.6,2.1284
05057,5,57,76.7,2.146
05059,5,59,73.4,1.3896
05061,5,61,74.5,1.2959
05063,5,63,76.6,1.58
05065,5,65,78.4,2.0349
05067,5,67,74.4,1.4795
05069,5,69,73.2,1.8751
05071,5,71,77.3,1.4896
05073,5,73,73.6,1.0546
05075,5,75,77.0,1.8023
05077,5,77,73.5,2.0908
05079,5,79,76.0,2.3849
05081,5,81,75.6,1.7184
05083,5,83,75.9,1.7964
05085,5,85,75.0,1.8947
05087,5,87,75.5,1.2583
05089,5,89,75.5,1.4735
05091,5,91,73.2,1.7348
05093,5,93,74.4,2.0963
05095,5,95,76.3,2.0836
05097,5,97,77.0,1.926
05099,5,99,74.3,1.7078
05101,5,101,82.2,2.5574
05103,5,103,75.4,1.8475
05105,5,105,75.8,1.6592
05107,5,107,72.4,1.8088
05109,5,109,74.8,1.3579
05111,5,111,72.5,1.6009
05113,5,113,75.8,1.833
05115,5,115,76.5,1.5043
05117,5,117,78.2,1.8309
05119,5,119,75.6,1.9664
05121,5,121,75.2,1.4222
05123,5,123,75.2,1.5307
05125,5,125,76.7,1.7195
05127,5,127,75.8,2.336
05129,5,129,75.6,1.5516
05131,5,131,75.7,1.6333
05133,5,133,75.3,1.8392
05135,5,135,74.9,1.8269
05137,5,137,73.6,2.3451
05139,5,139,74.1,1.532
05141,5,141,77.1,1.8181
05143,5,143,77.9,1.6836
05145,5,145,75.6,1.3252
05147,5,147,78.6,2.0618
05149,5,149,75.9,1.9844
06001,6,1,80.8,2.1031
06003,6,3,80.4,2.5262
06005,6,5,79.2,1.7885
06007,6,7,77.7,1.9595
06009,6,9,80.8,1.909
06011,6,11,80.2,1.7122
06013,6,13,80.8,2.0599
06015,6,15,76.5,1.9209
06017,6,17,80.8,2.0626
06019,6,19,78.4,2.1237
06021,6,21,81.0,1.8003
06023,6,23,78.2,1.7018
06025,6,25,80.0,2.217
06027,6,27,80.8,1.819
06029,6,29,76.8,1.9326
06031,6,31,78.4,1.884
06033,6,33,74.8,1.8278
06035,6,35,76.4,1.8269
06037,6,37,80.6,2.1741
06039,6,39,77.9,1.7559
06041,6,41,83.4,2.2308
06043,6,43,78.4,1.8753
06045,6,45,79.2,1.9596
06047,6,47,78.3,1.8901
06049,6,49,79.8,2.6696
06051,6,51,80.9,2.1781
06053,6,53,80.8,2.2179
06055,6,55,81.3,1.9849
06057,6,57,80.0,2.0741
06059,6,59,81.7,2.0241
06061,6,61,80.3,1.9524
06063,6,63,78.0,1.8162
06065,6,65,79.0,2.0786
06067,6,67,78.7,1.9693
06069,6,69,82.4,2.1676
06071,6,71,78.2,2.0892
06073,6,73,80.8,2.0712
06075,6,75,81.8,2.1471
06077,6,77,77.5,1.9924
06079,6,79,80.3,1.7292
06081,6,81,82.7,1.9649
06083,6,83,81.3,1.9344
06085,6,85,82.7,2.1662
06087,6,87,81.4,2.0718
06089,6,89,76.8,1.7997
06091,6,91,84.9,3.3168
06093,6,93,78.9,2.144
06095,6,95,78.8,2.015
06097,6,97,80.6,1.8581
06099,6,99,77.6,1.7833
06101,6,101,78.6,1.9921
06103,6,103,77.3,1.4932
06105,6,105,80.9,1.9804
06107,6,107,78.0,1.8977
06109,6,109,79.5,1.7228
06111,6,111,81.0,2.0594
06113,6,113,80.6,2.1998
06115,6,115,76.0,1.3988
08001,8,1,78.0,2.1901
08003,8,3,78.2,1.2865
08005,8,5,79.7,2.2696
08007,8,7,82.0,2.0238
08009,8,9,80.0,2.1774
08011,8,11,78.0,1.3234
08013,8,13,81.6,2.168
08014,8,14,80.9,2.3524
08015,8,15,80.0,1.556
08017,8,17,89.5,2.8702
08019,8,19,82.9,3.5803
08021,8,21,82.2,1.7969
08023,8,23,79.5,1.0932
08025,8,25,76.4,0.6955
08027,8,27,82.7,2.3977
08029,8,29,78.9,1.6645
08031,8,31,78.5,2.1554
08033,8,33,76.8,0.8372
08035,8,35,82.1,2.3851
08037,8,37,82.4,3.0175
08039,8,39,80.5,2.2082
08041,8,41,79.0,2.1726
08043,8,43,76.1,1.9345
08045,8,45,81.3,2.4262
08047,8,47,81.8,3.3289
08049,8,49,80.5,2.1462
08051,8,51,80.7,1.6333
08053,8,53,81.4,1.2955
08055,8,55,81.4,2.0088
08057,8,57,78.7,1.1642
08059,8,59,79.9,2.0311
08061,8,61,78.2,0.8861
08063,8,63,80.0,1.8193
08065,8,65,78.6,2.1789
08067,8,67,81.7,1.8833
08069,8,69,80.5,2.1037
08071,8,71,78.6,2.3101
08073,8,73,80.8,1.7974
08075,8,75,78.2,1.601
08077,8,77,78.4,1.7241
08081,8,81,77.9,1.6328
08083,8,83,80.8,2.3648
08085,8,85,79.4,2.0095
08087,8,87,79.7,2.5303
08089,8,89,76.9,2.205
08091,8,91,83.2,2.3893
08093,8,93,80.4,2.0165
08095,8,95,80.1,1.7565
08097,8,97,82.4,2.7452
08099,8,99,78.9,2.3358
08101,8,101,76.4,2.034
08103,8,103,79.0,1.3964
08105,8,105,78.9,1.9402
08107,8,107,81.8,2.6658
08109,8,109,82.6,2.4912
08113,8,113,80.4,2.1492
08115,8,115,76.1,1.5101
08117,8,117,82.1,3.4582
08119,8,119,80.4,2.7653
08121,8,121,80.2,1.414
08123,8,123,79.3,2.399
08125,8,125,79.6,1.3691
09001,9,1,81.5,1.9241
09003,9,3,79.5,1.936
09005,9,5,80.1,1.8922
09007,9,7,80.7,1.9914
09009,9,9,79.3,1.8067
09011,9,11,79.6,1.841
09013,9,13,81.0,1.7065
09015,9,15,79.4,1.7701
10001,10,1,76.8,1.6902
10003,10,3,77.8,2.0324
10005,10,5,78.5,1.798
11001,11,1,76.4,2.1092
12001,12,1,77.9,2.0055
12003,12,3,76.0,1.2856
12005,12,5,75.8,2.1891
12007,12,7,76.2,1.9495
12009,12,9,77.3,1.8258
12011,12,11,79.3,2.1313
12013,12,13,77.7,1.4965
12015,12,15,78.7,2.0494
12017,12,17,75.1,1.6948
12019,12,19,77.2,1.869
12021,12,21,81.6,2.274
12023,12,23,74.8,1.5623
12027,12,27,78.0,2.2672
12029,12,29,76.4,1.5676
12031,12,31,75.8,1.9243
12033,12,33,75.2,1.8978
12035,12,35,79.0,2.1425
12037,12,37,75.4,2.4241
12039,12,39,75.6,1.5651
12041,12,41,77.4,1.9478
12043,12,43,74.6,0.906
12045,12,45,76.5,1.3624
12047,12,47,75.1,2.1186
12049,12,49,79.5,2.2216
12051,12,51,78.3,2.052
12053,12,53,76.2,1.7833
12055,12,55,77.4,2.0066
12057,12,57,77.5,2.1409
12059,12,59,74.5,1.5181
12061,12,61,79.7,2.1189
12063,12,63,74.7,1.4225
12065,12,65,76.5,1.1981
12067,12,67,77.2,1.617
12069,12,69,77.8,1.9429
12071,12,71,78.7,2.1931
12073,12,73,77.6,2.0428
12075,12,75,74.9,1.7879
12077,12,77,75.8,1.1171
12079,12,79,76.1,2.1592
12081,12,81,79.0,2.0524
12083,12,83,75.4,1.672
12085,12,85,81.6,2.0118
12086,12,86,80.6,2.1268
12087,12,87,79.4,2.3649
12089,12,89,78.2,1.65
12091,12,91,78.0,1.7815
12093,12,93,77.1,2.0108
12095,12,95,78.4,2.0882
12097,12,97,79.1,2.246
12099,12,99,80.4,2.1938
12101,12,101,76.3,2.1692
12103,12,103,77.6,1.8889
12105,12,105,77.3,2.0912
12107,12,107,74.5,1.8246
12109,12,109,80.3,2.0951
12111,12,111,77.7,1.9554
12113,12,113,77.2,1.9716
12115,12,115,80.3,1.9641
12117,12,117,79.8,2.2014
12119,12,119,76.1,2.253
12121,12,121,75.7,1.5603
12123,12,123,76.1,1.9973
12125,12,125,73.4,1.6578
12127,12,127,77.0,1.8988
12129,12,129,76.6,1.7305
12131,12,131,78.1,2.3962
12133,12,133,74.1,1.5275
13001,13,1,74.0,1.6956
13003,13,3,74.6,1.8172
13005,13,5,72.8,1.8966
13007,13,7,77.1,1.9831
13009,13,9,75.0,2.1529
13011,13,11,76.2,1.5486
13013,13,13,75.2,1.9219
13015,13,15,76.0,1.8493
13017,13,17,73.3,1.4838
13019,13,19,74.8,1.7246
13021,13,21,73.5,1.9128
13023,13,23,75.5,1.8793
13025,13,25,75.1,1.4584
13027,13,27,74.6,1.7016
13029,13,29,76.1,1.995
13031,13,31,75.6,1.4847
13033,13,33,73.8,1.5095
13035,13,35,75.8,1.5705
13037,13,37,77.1,2.006
13039,13,39,76.4,1.6296
13043,13,43,75.4,1.582
13045,13,45,75.0,1.4919
13047,13,47,76.5,1.5653
13049,13,49,76.6,1.4496
13051,13,51,76.2,2.0472
13053,13,53,73.4,2.126
13055,13,55,72.9,1.3816
13057,13,57,79.1,1.7506
13059,13,59,77.5,2.1575
13061,13,61,72.2,0.8368
13063,13,63,75.4,2.1277
13065,13,65,73.0,1.9018
13067,13,67,79.4,1.9328
13069,13,69,73.2,1.6512
13071,13,71,75.3,1.6768
13073,13,73,78.4,1.9079
13075,13,75,74.2,1.5561
13077,13,77,77.3,1.5871
13079,13,79,75.6,1.7784
13081,13,81,75.0,2.0851
13083,13,83,76.3,1.5042
13085,13,85,77.0,1.4164
13087,13,87,74.4,1.629
13089,13,89,77.7,2.0882
13091,13,91,75.6,1.6056
13093,13,93,79.9,2.1109
13095,13,95,74.5,1.8889
13097,13,97,76.3,1.5981
13099,13,99,74.0,1.9412
13101,13,101,74.6,2.3675
13103,13,103,76.2,2.0964
13105,13,105,73.7,1.4967
13107,13,107,73.1,1.9926
13109,13,109,76.6,1.7546
13111,13,111,75.8,2.0291
13113,13,113,79.8,1.863
13115,13,115,75.8,1.6915
13117,13,117,79.8,2.1451
13119,13,119,74.4,1.4405
13121,13,121,77.4,2.2046
13123,13,123,79.2,1.6961
13125,13,125,77.0,1.6461
13127,13,127,77.2,1.8415
13129,13,129,76.4,1.5253
13131,13,131,76.5,1.846
13133,13,133,76.2,2.3141
13135,13,135,79.0,2.1266
13137,13,137,78.3,1.6737
13139,13,139,78.1,1.7075
13141,13,141,77.2,2.4055
13143,13,143,73.2,1.2987
13145,13,145,81.0,2.0223
13147,13,147,77.0,1.6962
13149,13,149,75.2,1.609
13151,13,151,77.5,1.8956
13153,13,153,77.1,2.0261
13155,13,155,76.2,2.0546
13157,13,157,75.9,1.3859
13159,13,159,75.4,1.8601
13161,13,161,73.6,1.429
13163,13,163,75.4,1.4308
13165,13,165,73.8,1.4892
13167,13,167,76.2,2.0632
13169,13,169,75.1,1.7785
13171,13,171,74.5,1.2018
13173,13,173,76.8,2.6556
13175,13,175,73.7,1.8327
13177,13,177,77.8,1.7288
13179,13,179,76.0,2.0494
13181,13,181,76.4,2.0787
13183,13,183,76.4,1.5086
13185,13,185,75.7,2.0094
13187,13,187,77.4,1.825
13189,13,189,74.0,1.5043
13191,13,191,77.4,2.2297
13193,13,193,76.9,1.8029
13195,13,195,75.3,1.4841
13197,13,197,76.4,1.8121
13199,13,199,74.1,1.5011
13201,13,201,76.2,2.2726
13205,13,205,75.2,1.7845
13207,13,207,77.0,1.5276
13209,13,209,77.3,2.0624
13211,13,211,76.7,2.0561
13213,13,213,74.7,1.7661
13215,13,215,74.5,2.0061
13217,13,217,75.8,1.5652
13219,13,219,80.8,1.8548
13221,13,221,76.2,1.7542
13223,13,223,77.2,2.059
13225,13,225,75.5,1.9926
13227,13,227,77.3,2.0441
13229,13,229,75.0,1.4786
13231,13,231,77.2,1.814
13233,13,233,73.7,1.3818
13235,13,235,74.7,1.4907
13237,13,237,75.8,1.4035
13239,13,239,77.7,3.3338
13241,13,241,78.8,2.2059
13243,13,243,75.2,1.9687
13245,13,245,73.7,1.9985
13247,13,247,77.7,2.0897
13249,13,249,77.1,2.5287
13251,13,251,75.2,1.8286
13253,13,253,73.7,2.1835
13255,13,255,73.6,1.5625
13257,13,257,73.7,1.5954
13259,13,259,76.8,1.7433
13261,13,261,75.9,2.1015
13263,13,263,74.7,1.8873
13265,13,265,75.6,1.8698
13267,13,267,74.5,1.3185
13269,13,269,74.5,2.0549
13271,13,271,78.7,2.4093
13273,13,273,74.2,1.7572
13275,13,275,75.3,1.6755
13277,13,277,75.9,1.6797
13279,13,279,74.4,1.552
13281,13,281,79.6,1.9599
13283,13,283,76.6,2.143
13285,13,285,75.9,1.6074
13287,13,287,74.9,1.6304
13289,13,289,74.6,1.3377
13291,13,291,77.7,1.8265
13293,13,293,73.1,1.6504
13295,13,295,75.4,1.6794
13297,13,297,76.6,1.5957
13299,13,299,72.7,1.6468
13301,13,301,71.8,1.2321
13303,13,303,77.3,1.6633
13305,13,305,74.6,1.3023
13307,13,307,77.6,2.6729
13309,13,309,77.3,1.9153
13311,13,311,78.3,1.7332
13313,13,313,77.6,1.7852
13315,13,315,73.3,1.8266
13317,13,317,75.6,1.6225
13319,13,319,74.2,1.571
13321,13,321,74.3,1.5029
15001,15,1,80.7,1.9832
15003,15,3,81.3,2.0989
15007,15,7,84.5,2.2265
15009,15,9,80.9,2.0982
16001,16,1,79.9,1.7031
16003,16,3,79.0,1.509
16005,16,5,76.9,1.9174
16007,16,7,81.0,1.8594
16009,16,9,75.6,0.9323
16011,16,11,78.8,1.5921
16013,16,13,82.2,1.5215
16015,16,15,81.6,1.9551
16017,16,17,78.9,2.2919
16019,16,19,78.8,1.8315
16021,16,21,80.6,1.9323
16023,16,23,78.3,1.4969
16025,16,25,78.7,1.6674
16027,16,27,78.1,1.5931
16029,16,29,77.9,1.7563
16031,16,31,78.7,1.6659
16035,16,35,76.8,1.6926
16037,16,37,87.7,3.3063
16039,16,39,77.9,1.9682
16041,16,41,80.6,1.4036
16043,16,43,79.1,1.9368
16045,16,45,77.5,1.2403
16047,16,47,78.0,1.25
16049,16,49,79.8,2.1069
16051,16,51,80.7,1.7382
16053,16,53,78.5,1.4023
16055,16,55,79.4,1.7212
16057,16,57,80.3,1.7381
16059,16,59,79.1,2.9792
16061,16,61,81.8,2.0057
16063,16,63,79.1,0.5113
16065,16,65,79.2,1.8708
16067,16,67,79.3,1.7532
16069,16,69,78.2,1.7696
16071,16,71,81.1,1.2833
16073,16,73,80.8,2.711
16075,16,75,79.0,1.5192
16077,16,77,79.9,2.132
16079,16,79,81.0,2.4483
16081,16,81,85.4,2.2267
16083,16,83,77.4,1.6532
16085,16,85,81.5,1.8321
16087,16,87,78.5,1.4057
17001,17,1,77.5,1.7501
17003,17,3,74.5,2.1115
17005,17,5,77.7,2.0025
17007,17,7,78.3,1.4664
17009,17,9,75.6,1.5473
17011,17,11,80.6,1.8417
17013,17,13,82.2,1.9385
17015,17,15,78.2,1.8808
17017,17,17,76.8,1.5064
17019,17,19,80.0,2.1009
17021,17,21,76.4,1.6976
17023,17,23,76.6,1.4108
17025,17,25,76.1,1.7554
17027,17,27,79.8,2.1554
17029,17,29,77.2,1.4765
17031,17,31,77.8,2.1012
17033,17,33,77.0,1.5465
17035,17,35,78.3,1.2915
17037,17,37,80.2,1.8001
17039,17,39,78.0,1.5122
17041,17,41,79.3,1.5126
17043,17,43,81.3,1.9722
17045,17,45,76.8,1.5664
17047,17,47,78.7,2.3391
17049,17,49,77.6,1.3448
17051,17,51,79.1,2.3377
17053,17,53,77.7,1.6389
17055,17,55,75.3,1.5332
17057,17,57,77.8,1.6343
17059,17,59,73.7,1.4094
17061,17,61,76.9,1.5738
17063,17,63,78.4,1.5425
17065,17,65,77.5,2.2432
17067,17,67,81.5,2.3851
17069,17,69,78.0,2.4436
17071,17,71,80.5,1.7598
17073,17,73,78.8,1.6748
17075,17,75,77.8,1.5356
17077,17,77,76.4,1.7566
17079,17,79,78.6,1.5524
17081,17,81,76.0,1.7055
17083,17,83,77.1,1.3917
17085,17,85,80.1,1.3317
17087,17,87,77.4,1.3347
17089,17,89,80.3,2.1089
17091,17,91,77.5,2.1145
17093,17,93,79.9,1.7279
17095,17,95,76.3,1.5431
17097,17,97,80.2,1.9239
17099,17,99,77.4,1.5186
17101,17,101,72.4,1.6629
17103,17,103,78.0,1.6338
17105,17,105,77.3,1.701
17107,17,107,77.2,1.5998
17109,17,109,78.6,1.9194
17111,17,111,79.5,1.6933
17113,17,113,78.6,1.9092
17115,17,115,76.4,1.8677
17117,17,117,77.4,1.3381
17119,17,119,76.4,1.6634
17121,17,121,75.6,1.6627
17123,17,123,76.7,1.5652
17125,17,125,76.0,1.719
17127,17,127,74.8,1.3568
17129,17,129,78.9,1.3066
17131,17,131,79.0,1.4187
17133,17,133,80.0,1.6174
17135,17,135,76.0,1.9023
17137,17,137,77.6,1.692
17139,17,139,77.6,0.9685
17141,17,141,79.4,1.6875
17143,17,143,76.7,1.9478
17145,17,145,77.3,1.6255
17147,17,147,79.6,1.3806
17149,17,149,79.3,1.6758
17151,17,151,78.5,2.572
17153,17,153,75.2,1.3311
17155,17,155,81.8,1.7669
17157,17,157,78.2,1.6536
17159,17,159,77.8,1.6404
17161,17,161,78.0,1.9539
17163,17,163,75.9,1.9469
17165,17,165,74.1,1.6333
17167,17,167,76.9,1.8809
17169,17,169,79.0,2.3711
17171,17,171,79.7,1.6462
17173,17,173,80.2,1.7618
17175,17,175,80.6,1.9939
17177,17,177,79.9,2.0398
17179,17,179,78.7,1.652
17181,17,181,76.7,1.7696
17183,17,183,75.1,1.6236
17185,17,185,78.7,2.152
17187,17,187,79.2,1.6702
17189,17,189,78.7,1.7895
17191,17,191,78.7,1.5127
17193,17,193,75.1,1.567
17195,17,195,78.1,1.7084
17197,17,197,78.5,2.0889
17199,17,199,76.5,1.4755
17201,17,201,76.3,1.9857
17203,17,203,79.4,1.5707
18001,18,1,80.1,2.0986
18003,18,3,77.3,1.9442
18005,18,5,78.3,1.8648
18007,18,7,77.6,1.6047
18009,18,9,75.6,1.8326
18011,18,11,79.1,1.6747
18013,18,13,77.8,1.6205
18015,18,15,79.8,2.3924
18017,18,17,78.3,1.8174
18019,18,19,75.3,1.8097
18021,18,21,78.2,1.8485
18023,18,23,77.5,2.1325
18025,18,25,76.5,1.3201
18027,18,27,77.0,1.4655
18029,18,29,78.5,1.9948
18031,18,31,79.3,2.2564
18033,18,33,78.0,1.5365
18035,18,35,75.5,1.858
18037,18,37,79.0,1.5444
18039,18,39,78.6,1.9686
18041,18,41,74.8,1.9413
18043,18,43,76.2,1.6299
18045,18,45,77.1,1.6879
18047,18,47,78.8,1.4963
18049,18,49,76.8,1.7466
18051,18,51,78.6,1.7476
18053,18,53,75.2,1.6348
18055,18,55,76.5,1.916
18057,18,57,81.1,2.0239
18059,18,59,77.8,1.4154
18061,18,61,78.1,1.6043
18063,18,63,79.6,1.8068
18065,18,65,76.6,1.9899
18067,18,67,76.0,1.6478
18069,18,69,77.6,1.4127
18071,18,71,76.0,1.5005
18073,18,73,77.2,1.9082
18075,18,75,76.5,1.8085
18077,18,77,75.6,1.6199
18079,18,79,77.7,2.4779
18081,18,81,77.7,1.7299
18083,18,83,75.6,1.4242
18085,18,85,77.9,1.7463
18087,18,87,79.2,1.8127
18089,18,89,75.2,1.8531
18091,18,91,75.6,1.8514
18093,18,93,74.8,1.5396
18095,18,95,75.2,1.6557
18097,18,97,75.0,1.9849
18099,18,99,78.9,1.692
18101,18,101,78.4,1.7033
18103,18,103,76.3,1.7149
18105,18,105,78.8,2.0033
18107,18,107,78.4,1.6514
18109,18,109,76.3,1.4291
18111,18,111,76.6,1.6539
18113,18,113,77.9,1.769
18115,18,115,78.4,2.3205
18117,18,117,77.0,1.6513
18119,18,119,76.9,1.7865
18121,18,121,78.4,1.4398
18123,18,123,76.0,1.4609
18125,18,125,80.9,3.0111
18127,18,127,77.7,1.6531
18129,18,129,77.9,1.5466
18131,18,131,77.0,1.8426
18133,18,133,77.8,1.7151
18135,18,135,78.4,1.9265
18137,18,137,78.2,1.4154
18139,18,139,77.7,1.8927
18141,18,141,76.5,1.9276
18143,18,143,73.5,1.9958
18145,18,145,77.6,1.7792
18147,18,147,80.7,2.1891
18149,18,149,73.9,1.6775
18151,18,151,78.6,1.8614
18153,18,153,77.9,1.9337
18155,18,155,75.4,1.4233
18157,18,157,78.5,1.9952
18159,18,159,78.0,1.8442
18161,18,161,77.9,1.5396
18163,18,163,75.4,1.84
18165,18,165,77.4,1.7628
18167,18,167,74.7,1.8139
18169,18,169,76.6,1.6393
18171,18,171,80.8,1.4257
18173,18,173,79.3,1.7569
18175,18,175,75.0,1.5097
18177,18,177,76.1,1.7162
18179,18,179,80.2,2.2022
18181,18,181,78.6,1.9927
18183,18,183,80.6,2.0776
19001,19,1,78.1,1.4565
19003,19,3,78.1,1.9773
19005,19,5,79.9,2.0264
19007,19,7,76.9,1.4437
19009,19,9,77.5,1.4299
19011,19,11,80.8,2.0162
19013,19,13,78.0,1.9771
19015,19,15,80.5,2.3203
19017,19,17,81.0,1.6404
19019,19,19,79.1,1.5889
19021,19,21,80.1,1.7252
19023,19,23,79.5,1.4728
19025,19,25,78.7,1.7495
19027,19,27,80.1,1.4492
19029,19,29,77.6,1.969
19031,19,31,82.2,1.8471
19033,19,33,80.4,1.8381
19035,19,35,80.0,2.0334
19037,19,37,81.3,1.6752
19039,19,39,78.0,1.499
19041,19,41,80.0,1.7397
19043,19,43,79.7,1.4698
19045,19,45,77.9,1.5345
19047,19,47,78.4,1.0197
19049,19,49,81.5,2.1888
19051,19,51,80.5,1.5201
19053,19,53,78.7,1.8291
19055,19,55,78.7,1.0813
19057,19,57,78.5,2.0343
19059,19,59,79.9,2.3599
19061,19,61,79.0,1.6449
19063,19,63,77.8,1.3699
19065,19,65,78.4,1.5283
19067,19,67,79.7,1.9493
19069,19,69,81.3,1.4776
19071,19,71,77.5,1.3571
19073,19,73,78.4,1.7998
19075,19,75,80.7,1.2634
19077,19,77,80.4,1.7122
19079,19,79,80.2,1.7156
19081,19,81,79.6,1.9677
19083,19,83,80.0,1.4934
19085,19,85,77.2,1.6912
19087,19,87,79.8,1.6519
19089,19,89,78.6,1.1677
19091,19,91,81.2,2.229
19093,19,93,79.3,1.4346
19095,19,95,79.8,1.4043
19097,19,97,78.7,1.4757
19099,19,99,79.0,1.7692
19101,19,101,80.3,1.9943
19103,19,103,82.1,2.6368
19105,19,105,80.8,1.945
19107,19,107,79.8,1.8272
19109,19,109,79.8,1.6826
19111,19,111,76.9,1.8002
19113,19,113,79.3,1.9572
19115,19,115,80.7,2.1966
19117,19,117,77.3,1.6122
19119,19,119,81.1,1.2471
19121,19,121,80.2,1.7615
19123,19,123,78.2,1.469
19125,19,125,78.7,1.4156
19127,19,127,79.0,1.9112
19129,19,129,76.3,1.5838
19131,19,131,81.1,1.2757
19133,19,133,75.6,1.714
19135,19,135,76.5,1.957
19137,19,137,77.9,1.5434
19139,19,139,80.2,2.2906
19141,19,141,78.7,1.6824
19143,19,143,82.1,2.2103
19145,19,145,78.9,1.9507
19147,19,147,78.4,1.6295
19149,19,149,80.8,1.5232
19151,19,151,77.6,1.3895
19153,19,153,78.4,1.8825
19155,19,155,78.6,2.1016
19157,19,157,79.0,1.5517
19159,19,159,75.7,1.2184
19161,19,161,79.6,1.9369
19163,19,163,78.4,2.0501
19165,19,165,79.0,1.4116
19167,19,167,82.2,2.016
19169,19,169,81.1,2.1049
19171,19,171,79.7,1.5715
19173,19,173,78.8,1.4179
19175,19,175,78.0,1.5958
19177,19,177,79.1,1.2851
19179,19,179,77.3,1.9795
19181,19,181,79.7,1.8734
19183,19,183,79.9,1.3317
19185,19,185,78.6,1.5978
19187,19,187,76.5,1.5487
19189,19,189,80.6,1.5068
19191,19,191,82.0,1.4017
19193,19,193,77.5,1.9717
19195,19,195,78.8,1.4555
19197,19,197,79.1,1.8642
20001,20,1,76.0,1.5502
20003,20,3,79.8,1.4208
20005,20,5,77.0,1.6718
20007,20,7,76.4,1.4811
20009,20,9,78.4,2.2264
20011,20,11,75.8,1.6449
20013,20,13,77.0,1.3079
20015,20,15,77.6,1.6248
20017,20,17,78.9,1.4578
20019,20,19,77.4,1.2149
20021,20,21,74.6,2.2684
20023,20,23,81.4,1.3899
20025,20,25,86.6,2.5485
20027,20,27,78.2,1.5532
20029,20,29,76.9,1.9526
20031,20,31,77.0,1.5426
20033,20,33,76.5,1.74
20035,20,35,76.4,1.86
20037,20,37,76.6,1.4879
20039,20,39,78.1,1.5356
20041,20,41,78.0,1.6228
20043,20,43,80.4,1.6503
20045,20,45,80.1,2.0598
20047,20,47,78.3,1.9911
20049,20,49,77.5,1.4802
20051,20,51,79.1,1.6361
20053,20,53,77.4,1.3626
20055,20,55,78.0,2.4496
20057,20,57,79.9,2.2313
20059,20,59,77.1,1.3228
20061,20,61,77.0,2.3972
20063,20,63,80.0,2.6013
20065,20,65,78.3,1.4032
20067,20,67,79.1,1.605
20069,20,69,86.2,2.9446
20071,20,71,77.2,2.654
20073,20,73,76.1,2.1771
20075,20,75,78.2,1.6768
20077,20,77,75.6,1.8047
20079,20,79,79.7,1.6662
20081,20,81,88.6,2.3369
20083,20,83,81.8,2.1306
20085,20,85,79.4,1.4198
20087,20,87,77.8,1.4805
20089,20,89,79.9,1.6298
20091,20,91,80.7,2.0499
20093,20,93,78.4,1.2876
20095,20,95,78.8,1.8006
20097,20,97,80.8,1.5408
20099,20,99,75.2,1.8496
20101,20,101,79.8,1.5592
20103,20,103,77.3,1.7952
20105,20,105,80.3,1.3373
20107,20,107,78.2,1.3115
20109,20,109,79.8,1.4751
20111,20,111,78.1,2.1299
20113,20,113,79.0,1.5167
20115,20,115,78.1,1.1694
20117,20,117,79.0,1.8898
20119,20,119,80.7,1.7848
20121,20,121,79.7,2.3044
20123,20,123,77.9,1.3552
20125,20,125,75.7,1.9663
20127,20,127,78.4,1.5687
20129,20,129,85.3,1.5643
20131,20,131,79.4,1.12
20133,20,133,76.9,1.4827
20135,20,135,78.4,1.4101
20137,20,137,80.4,1.4457
20139,20,139,78.0,1.5195
20141,20,141,76.8,1.2188
20143,20,143,77.2,1.0211
20145,20,145,77.2,2.0661
20147,20,147,76.8,1.4106
20149,20,149,79.8,1.3845
20151,20,151,76.6,1.5971
20153,20,153,80.9,1.6192
20155,20,155,76.8,1.8568
20157,20,157,78.9,2.46
20159,20,159,76.6,1.2461
20161,20,161,80.9,2.0204
20163,20,163,78.0,1.6684
20165,20,165,79.6,2.2603
20167,20,167,79.7,1.4428
20169,20,169,78.0,1.7428
20171,20,171,78.5,0.9006
20173,20,173,77.0,1.9445
20175,20,175,79.7,2.1826
20177,20,177,77.5,1.8421
20179,20,179,77.9,0.8512
20181,20,181,78.6,1.2948
20183,20,183,77.6,1.8294
20185,20,185,76.4,1.4713
20187,20,187,87.9,3.0617
20189,20,189,79.8,2.1191
20191,20,191,77.0,1.3591
20193,20,193,81.8,2.475
20195,20,195,76.0,1.3013
20197,20,197,79.2,1.2949
20199,20,199,81.6,1.7679
20201,20,201,80.4,1.38
20203,20,203,78.1,1.9696
20205,20,205,74.8,1.8495
20207,20,207,73.5,2.0106
20209,20,209,75.2,2.2355
21001,21,1,76.0,1.9195
21003,21,3,74.5,1.6425
21005,21,5,75.9,1.6305
21007,21,7,75.9,1.7718
21009,21,9,75.8,1.4159
21011,21,11,74.5,1.8675
21013,21,13,74.2,2.0182
21015,21,15,78.4,1.9064
21017,21,17,77.0,1.4486
21019,21,19,74.5,1.6376
21021,21,21,76.5,1.7933
21023,21,23,74.2,1.8402
21025,21,25,70.2,2.615
21027,21,27,74.9,1.9874
21029,21,29,77.1,2.0559
21031,21,31,75.4,1.8891
21033,21,33,76.5,1.8895
21035,21,35,75.8,1.6116
21037,21,37,76.3,1.8042
21039,21,39,77.1,2.1855
21041,21,41,73.8,1.4572
21043,21,43,75.3,1.812
21045,21,45,75.2,1.94
21047,21,47,75.2,1.905
21049,21,49,74.7,1.428
21051,21,51,72.4,1.7886
21053,21,53,73.7,1.3217
21055,21,55,75.5,1.8877
21057,21,57,74.1,1.6721
21059,21,59,76.6,1.6103
21061,21,61,75.3,1.287
21063,21,63,76.1,1.4551
21065,21,65,71.4,1.7511
21067,21,67,77.6,1.9759
21069,21,69,74.0,1.4192
21071,21,71,73.0,1.8155
21073,21,73,75.8,1.7189
21075,21,75,73.8,1.2245
21077,21,77,73.0,1.5443
21079,21,79,76.6,1.6764
21081,21,81,74.6,1.3989
21083,21,83,76.6,1.6568
21085,21,85,73.9,1.6924
21087,21,87,75.2,1.5633
21089,21,89,75.9,1.5077
21091,21,91,77.6,1.8809
21093,21,93,76.4,1.8859
21095,21,95,73.1,1.8127
21097,21,97,75.0,2.0895
21099,21,99,74.2,1.6276
21101,21,101,75.0,1.6951
21103,21,103,75.6,1.4762
21105,21,105,74.7,0.6074
21107,21,107,73.9,1.56
21109,21,109,72.7,1.697
21111,21,111,76.1,1.8826
21113,21,113,77.0,1.582
21115,21,115,74.0,1.9481
21117,21,117,75.2,1.9521
21119,21,119,73.8,1.6113
21121,21,121,73.5,2.3694
21123,21,123,74.7,1.4775
21125,21,125,75.1,1.772
21127,21,127,73.3,1.6732
21129,21,129,72.7,1.6553
21131,21,131,74.0,2.281
21133,21,133,72.9,1.6363
21135,21,135,75.7,1.8626
21137,21,137,73.3,1.6838
21139,21,139,75.0,1.2065
21141,21,141,75.2,1.45
21143,21,143,77.1,1.9747
21145,21,145,74.8,1.6727
21147,21,147,73.0,1.599
21149,21,149,79.5,1.7407
21151,21,151,76.1,1.8008
21153,21,153,72.8,1.4528
21155,21,155,76.3,1.9512
21157,21,157,75.8,1.438
21159,21,159,74.6,1.2913
21161,21,161,75.2,1.6434
21163,21,163,74.1,1.8945
21165,21,165,75.2,1.8082
21167,21,167,76.7,1.4772
21169,21,169,74.7,1.4157
21171,21,171,72.2,1.4118
21173,21,173,76.1,1.6528
21175,21,175,74.0,1.8149
21177,21,177,74.2,1.6012
21179,21,179,75.8,1.5269
21181,21,181,73.2,1.4643
21183,21,183,75.0,1.797
21185,21,185,79.8,2.1798
21187,21,187,75.4,1.7612
21189,21,189,71.9,1.7851
21191,21,191,75.0,1.501
21193,21,193,71.9,2.0159
21195,21,195,72.7,2.004
21197,21,197,70.8,1.0704
21199,21,199,74.8,1.605
21201,21,201,72.5,1.5793
21203,21,203,72.9,1.5059
21205,21,205,75.3,1.4266
21207,21,207,74.3,1.4831
21209,21,209,77.8,2.2928
21211,21,211,78.3,1.8283
21213,21,213,75.6,1.5476
21215,21,215,76.8,1.8124
21217,21,217,75.9,2.0086
21219,21,219,76.7,2.2173
21221,21,221,76.1,1.3973
21223,21,223,75.1,1.5909
21225,21,225,75.8,2.2012
21227,21,227,76.6,1.776
21229,21,229,76.8,1.5536
21231,21,231,76.3,2.0499
21233,21,233,74.8,1.3892
21235,21,235,71.7,1.6606
21237,21,237,75.4,1.6376
21239,21,239,77.3,2.0177
22001,22,1,74.4,1.4213
22003,22,3,76.2,1.6413
22005,22,5,78.4,2.2319
22007,22,7,76.8,2.2227
22009,22,9,74.7,1.7397
22011,22,11,75.0,1.2782
22013,22,13,74.0,1.5791
22015,22,15,76.2,1.7217
22017,22,17,74.3,1.8209
22019,22,19,74.5,1.762
22021,22,21,74.3,2.0003
22023,22,23,78.2,1.3422
22025,22,25,72.9,1.4989
22027,22,27,75.7,1.7511
22029,22,29,73.2,1.6759
22031,22,31,73.8,1.7451
22033,22,33,75.0,1.9147
22035,22,35,69.0,1.9293
22037,22,37,76.0,1.4457
22039,22,39,75.2,2.27
22041,22,41,73.7,1.7503
22043,22,43,74.3,1.6327
22045,22,45,75.1,1.5457
22047,22,47,74.0,1.5295
22049,22,49,75.3,1.4161
22051,22,51,76.3,1.967
22053,22,53,74.8,1.523
22055,22,55,77.8,1.8717
22057,22,57,75.6,1.8228
22059,22,59,77.8,1.5497
22061,22,61,77.3,1.7795
22063,22,63,76.0,1.6914
22065,22,65,71.4,2.0272
22067,22,67,71.7,2.0347
22069,22,69,76.2,2.0622
22071,22,71,75.3,2.4499
22073,22,73,74.5,2.0703
22075,22,75,74.3,2.3535
22077,22,77,76.9,2.0732
22079,22,79,74.9,1.8066
22081,22,81,74.3,1.28
22083,22,83,74.5,1.6997
22085,22,85,75.1,1.6047
22087,22,87,74.6,2.106
22089,22,89,76.9,1.9494
22091,22,91,74.8,1.6385
22093,22,93,76.5,1.9657
22095,22,95,75.0,2.1179
22097,22,97,74.7,1.8015
22099,22,99,75.5,1.6028
22101,22,101,74.0,1.8048
22103,22,103,77.6,1.5609
22105,22,105,74.7,1.7717
22107,22,107,80.2,2.8632
22109,22,109,74.7,1.915
22111,22,111,73.7,1.5976
22113,22,113,76.4,1.4999
22115,22,115,76.6,1.5099
22117,22,117,73.2,1.557
22119,22,119,75.1,2.1979
22121,22,121,76.6,1.7842
22123,22,123,75.5,1.2451
22125,22,125,77.2,1.698
22127,22,127,74.0,1.5565
23001,23,1,76.9,2.1856
23003,23,3,77.8,2.0113
23005,23,5,80.1,2.1543
23007,23,7,78.2,1.7743
23009,23,9,79.8,1.9421
23011,23,11,77.8,1.9997
23013,23,13,78.8,1.5808
23015,23,15,79.0,1.5885
23017,23,17,78.9,2.1883
23019,23,19,77.1,2.0036
23021,23,21,76.6,1.8263
23023,23,23,79.9,1.7517
23025,23,25,76.7,2.0695
23027,23,27,78.9,1.5227
23029,23,29,76.4,1.8175
23031,23,31,79.1,2.0698
24001,24,1,76.3,1.6995
24003,24,3,78.9,1.8937
24005,24,5,78.1,1.8163
24009,24,9,80.7,2.172
24011,24,11,75.8,1.6803
24013,24,13,78.5,1.837
24015,24,15,76.7,1.7407
24017,24,17,79.7,2.1199
24019,24,19,77.6,1.5848
24021,24,21,80.0,1.9626
24023,24,23,78.0,1.536
24025,24,25,78.8,1.874
24027,24,27,81.7,2.2367
24029,24,29,78.9,1.6094
24031,24,31,83.0,2.2703
24033,24,33,79.6,2.2582
24035,24,35,79.2,2.0408
24037,24,37,80.8,2.2278
24039,24,39,74.9,1.6687
24041,24,41,80.2,1.7991
24043,24,43,76.2,1.6233
24045,24,45,76.9,1.8014
24047,24,47,77.9,1.8601
24510,24,510,73.0,2.0954
25001,25,1,80.4,1.8147
25003,25,3,80.3,1.9781
25005,25,5,78.5,1.8442
25007,25,7,81.3,1.9448
25009,25,9,80.6,1.9329
25011,25,11,80.9,1.707
25013,25,13,78.6,1.8231
25015,25,15,81.6,1.8189
25017,25,17,81.7,1.9144
25019,25,19,81.8,1.8794
25021,25,21,81.5,1.7563
25023,25,23,80.0,1.862
25025,25,25,79.6,2.2917
25027,25,27,79.7,1.8371
26001,26,1,76.5,1.4211
26003,26,3,81.2,2.2343
26005,26,5,79.6,1.8016
26007,26,7,77.3,1.9633
26009,26,9,80.1,1.8266
26011,26,11,77.0,1.5731
26013,26,13,76.2,1.0448
26015,26,15,79.4,1.4529
26017,26,17,77.0,1.4923
26019,26,19,78.7,1.4642
26021,26,21,76.8,1.8046
26023,26,23,77.2,1.4062
26025,26,25,76.3,1.6587
26027,26,27,77.9,1.3424
26029,26,29,79.3,1.8768
26031,26,31,79.2,1.8138
26033,26,33,78.1,1.879
26035,26,35,75.2,1.7598
26037,26,37,79.9,1.6504
26039,26,39,78.2,1.9751
26041,26,41,79.9,1.8821
26043,26,43,79.9,1.6496
26045,26,45,78.8,1.6303
26047,26,47,80.1,1.4935
26049,26,49,75.3,1.8988
26051,26,51,76.4,1.6013
26053,26,53,77.4,1.5423
26055,26,55,80.0,1.4556
26057,26,57,78.1,1.2602
26059,26,59,77.6,1.3122
26061,26,61,78.8,1.4297
26063,26,63,77.9,1.3186
26065,26,65,77.9,1.8244
26067,26,67,78.5,1.6697
26069,26,69,76.0,2.0089
26071,26,71,81.4,2.1773
26073,26,73,78.4,1.5811
26075,26,75,77.1,1.4706
26077,26,77,78.9,1.6231
26079,26,79,76.7,1.573
26081,26,81,79.7,1.989
26083,26,83,82.7,1.7952
26085,26,85,78.4,1.7103
26087,26,87,78.0,1.5099
26089,26,89,82.7,1.4804
26091,26,91,77.9,1.5761
26093,26,93,79.3,1.9766
26095,26,95,81.5,1.718
26097,26,97,81.9,2.2015
26099,26,99,77.1,1.7738
26101,26,101,77.8,1.4749
26103,26,103,79.0,1.9327
26105,26,105,78.0,1.3259
26107,26,107,77.8,1.5002
26109,26,109,82.2,1.8987
26111,26,111,79.8,1.93
26113,26,113,78.1,1.1828
26115,26,115,77.1,1.6879
26117,26,117,78.7,1.3109
26119,26,119,76.6,2.0499
26121,26,121,77.0,1.6339
26123,26,123,78.1,1.2708
26125,26,125,79.0,1.8839
26127,26,127,79.2,1.569
26129,26,129,76.0,1.5415
26131,26,131,80.6,1.9566
26133,26,133,78.3,1.2335
26135,26,135,76.5,2.1305
26137,26,137,78.5,1.483
26139,26,139,81.0,1.8684
26141,26,141,77.8,1.6878
26143,26,143,76.3,1.7829
26145,26,145,76.4,1.9911
26147,26,147,76.2,1.8045
26149,26,149,76.6,1.5878
26151,26,151,78.7,1.3864
26153,26,153,79.6,1.3333
26155,26,155,77.4,1.539
26157,26,157,78.2,1.4116
26159,26,159,78.3,1.4498
26161,26,161,79.6,1.9834
26163,26,163,74.5,2.0564
26165,26,165,77.1,1.6843
27001,27,1,79.5,1.5204
27003,27,3,80.1,2.3892
27005,27,5,80.4,2.0948
27007,27,7,78.7,1.8616
27009,27,9,79.7,1.7061
27011,27,11,78.2,1.2937
27013,27,13,80.4,1.9443
27015,27,15,81.3,1.8004
27017,27,17,77.8,1.2407
27019,27,19,82.4,2.2061
27021,27,21,79.8,1.7955
27023,27,23,80.1,1.8488
27025,27,25,80.3,1.6626
27027,27,27,79.9,1.9487
27029,27,29,79.2,1.4624
27031,27,31,81.4,1.7743
27033,27,33,80.0,1.8338
27035,27,35,80.2,1.9131
27037,27,37,80.7,2.1372
27039,27,39,81.7,1.664
27041,27,41,81.7,2.0062
27043,27,43,81.2,1.9283
27045,27,45,82.5,1.4899
27047,27,47,81.6,2.0301
27049,27,49,80.8,1.2296
27051,27,51,84.9,1.9858
27053,27,53,80.3,2.1489
27055,27,55,82.9,1.628
27057,27,57,82.2,1.9477
27059,27,59,80.9,1.8102
27061,27,61,79.9,1.7496
27063,27,63,84.8,2.0502
27065,27,65,80.2,1.5382
27067,27,67,81.4,1.5573
27069,27,69,80.0,1.4031
27071,27,71,78.8,1.9512
27073,27,73,79.2,1.242
27075,27,75,79.7,1.5193
27077,27,77,83.4,2.789
27079,27,79,81.4,1.6353
27081,27,81,81.3,1.3782
27083,27,83,80.0,1.4432
27085,27,85,82.2,1.7342
27087,27,87,77.2,2.4024
27089,27,89,85.4,2.5999
27091,27,91,81.3,2.0203
27093,27,93,80.7,1.232
27095,27,95,77.4,1.5868
27097,27,97,82.0,1.8933
27099,27,99,80.7,1.5492
27101,27,101,81.4,2.303
27103,27,103,81.6,1.9981
27105,27,105,82.1,1.8107
27107,27,107,78.2,1.4693
27109,27,109,81.3,2.0848
27111,27,111,81.0,1.7035
27113,27,113,80.0,2.1451
27115,27,115,79.7,1.5596
27117,27,117,80.1,1.8965
27119,27,119,78.4,1.8108
27121,27,121,82.4,2.1016
27123,27,123,79.5,2.0677
27125,27,125,80.8,1.9238
27127,27,127,80.7,1.7121
27129,27,129,78.6,1.3066
27131,27,131,81.3,2.0473
27133,27,133,78.7,1.0685
27135,27,135,82.3,2.4511
27137,27,137,78.2,1.9576
27139,27,139,80.8,1.8291
27141,27,141,80.7,2.0369
27143,27,143,80.8,1.3863
27145,27,145,81.9,2.0411
27147,27,147,82.6,2.0411
27149,27,149,83.7,1.9045
27151,27,151,83.7,2.3391
27153,27,153,81.5,1.7286
27155,27,155,78.0,1.7348
27157,27,157,82.2,1.5798
27159,27,159,77.9,1.1766
27161,27,161,81.1,1.547
27163,27,163,81.8,2.276
27165,27,165,81.8,1.47
27167,27,167,80.4,1.6579
27169,27,169,80.9,1.5218
27171,27,171,81.2,1.5884
27173,27,173,80.8,1.8349
28001,28,1,73.1,1.8112
28003,28,3,73.8,1.3818
28005,28,5,77.9,2.1123
28007,28,7,76.9,2.352
28009,28,9,73.0,2.1224
28011,28,11,74.7,1.6381
28013,28,13,76.0,1.6434
28015,28,15,76.4,1.4432
28017,28,17,76.2,1.5673
28019,28,19,73.8,1.6504
28021,28,21,74.6,2.0777
28023,28,23,73.1,1.5819
28025,28,25,74.4,1.4712
28027,28,27,74.4,1.8839
28029,28,29,74.0,2.0089
28031,28,31,74.9,1.4963
28033,28,33,76.7,1.9727
28035,28,35,73.9,2.1452
28037,28,37,74.7,1.5899
28039,28,39,74.8,1.628
28041,28,41,73.0,1.0863
28043,28,43,73.3,2.0143
28045,28,45,76.3,1.728
28047,28,47,74.1,1.932
28049,28,49,75.1,2.1248
28051,28,51,73.6,1.7087
28053,28,53,77.1,2.6269
28055,28,55,72.2,1.4165
28057,28,57,75.0,1.6321
28059,28,59,75.1,1.7878
28061,28,61,74.6,1.6508
28063,28,63,76.2,2.5761
28065,28,65,74.5,1.9137
28067,28,67,75.3,1.634
28069,28,69,75.8,1.4049
28071,28,71,77.9,2.561
28073,28,73,76.3,1.4864
28075,28,75,74.4,1.9382
28077,28,77,73.6,1.516
28079,28,79,73.9,1.5891
28081,28,81,77.4,2.0773
28083,28,83,72.7,1.7536
28085,28,85,73.3,1.3795
28087,28,87,76.1,1.7202
28089,28,89,78.8,2.2484
28091,28,91,71.6,1.6995
28093,28,93,74.0,1.6499
28095,28,95,75.8,1.908
28097,28,97,73.0,1.9861
28099,28,99,72.7,1.3897
28101,28,101,73.6,1.4107
28103,28,103,76.9,2.0147
28105,28,105,77.6,2.0485
28107,28,107,73.3,1.588
28109,28,109,74.5,1.5211
28111,28,111,74.2,1.8076
28113,28,113,73.0,1.4708
28115,28,115,77.8,2.0565
28117,28,117,76.5,2.3249
28119,28,119,72.1,1.973
28121,28,121,77.7,1.8663
28123,28,123,74.1,1.879
28125,28,125,73.4,1.786
28127,28,127,73.9,1.5394
28129,28,129,79.2,1.6266
28131,28,131,74.1,1.6903
28133,28,133,73.6,2.069
28135,28,135,70.8,2.3109
28137,28,137,75.5,1.5154
28139,28,139,73.6,1.5671
28141,28,141,73.4,2.3043
28143,28,143,72.8,1.6274
28145,28,145,76.0,2.2505
28147,28,147,73.1,1.5003
28149,28,149,74.2,2.0108
28151,28,151,72.3,1.9802
28153,28,153,74.6,2.005
28155,28,155,75.1,1.2652
28157,28,157,74.4,1.5923
28159,28,159,75.5,2.1776
28161,28,161,73.3,1.6479
28163,28,163,73.5,1.7367
29001,29,1,77.7,1.936
29003,29,3,79.7,1.8141
29005,29,5,76.9,1.1862
29007,29,7,77.1,1.3975
29009,29,9,76.8,1.7889
29011,29,11,77.6,1.3683
29013,29,13,78.9,1.9667
29015,29,15,75.6,1.551
29017,29,17,73.9,0.9524
29019,29,19,79.5,1.8602
29021,29,21,75.3,1.7544
29023,29,23,72.6,1.6107
29025,29,25,75.6,1.4077
29027,29,27,77.6,1.8755
29029,29,29,79.5,2.3611
29031,29,31,77.5,1.6252
29033,29,33,77.4,1.3299
29035,29,35,75.9,1.8145
29037,29,37,78.0,1.6359
29039,29,39,74.9,1.5937
29041,29,41,78.7,2.1188
29043,29,43,79.1,1.593
29045,29,45,76.9,1.618
29047,29,47,78.4,1.8343
29049,29,49,76.8,1.247
29051,29,51,77.6,1.604
29053,29,53,76.8,1.6552
29055,29,55,75.2,1.8329
29057,29,57,77.2,1.1915
29059,29,59,77.1,1.3298
29061,29,61,76.0,0.8753
29063,29,63,79.2,1.4379
29065,29,65,75.4,2.3442
29067,29,67,74.8,0.8779
29069,29,69,73.2,1.7013
29071,29,71,77.1,1.5699
29073,29,73,76.8,1.4983
29075,29,75,78.4,0.9088
29077,29,77,77.1,1.7643
29079,29,79,78.2,2.2484
29081,29,81,77.1,1.7055
29083,29,83,75.0,1.3356
29085,29,85,82.2,2.336
29087,29,87,76.8,1.6828
29089,29,89,78.5,1.3102
29091,29,91,75.6,1.709
29093,29,93,75.4,1.9727
29095,29,95,75.8,2.0258
29097,29,97,75.7,1.4355
29099,29,99,76.5,1.5871
29101,29,101,77.7,1.8282
29103,29,103,77.4,1.3788
29105,29,105,75.7,1.6629
29107,29,107,77.1,1.4182
29109,29,109,76.6,1.3036
29111,29,111,77.1,1.6021
29113,29,113,76.6,1.4182
29115,29,115,76.5,1.2984
29117,29,117,77.9,1.8693
29119,29,119,76.8,1.5501
29121,29,121,77.3,1.5897
29123,29,123,74.2,1.3527
29125,29,125,79.2,2.0377
29127,29,127,76.8,1.6776
29129,29,129,76.4,1.2903
29131,29,131,76.5,1.76
29133,29,133,75.6,2.1826
29135,29,135,77.8,1.5373
29137,29,137,80.6,1.6344
29139,29,139,76.5,1.919
29141,29,141,75.4,1.7606
29143,29,143,77.0,1.9703
29145,29,145,76.3,1.5301
29147,29,147,77.5,1.4793
29149,29,149,75.1,0.9212
29151,29,151,78.8,1.8587
29153,29,153,81.2,2.1743
29155,29,155,72.9,2.0011
29157,29,157,81.4,2.5774
29159,29,159,77.8,1.8316
29161,29,161,77.0,1.7084
29163,29,163,76.4,1.6123
29165,29,165,79.6,1.7044
29167,29,167,77.8,1.4408
29169,29,169,75.0,2.0601
29171,29,171,83.3,2.6127
29173,29,173,78.2,1.7128
29175,29,175,75.6,1.4265
29177,29,177,77.2,1.6359
29179,29,179,78.2,1.8193
29181,29,181,71.9,1.0043
29183,29,183,79.9,2.0685
29185,29,185,77.9,1.9332
29186,29,186,77.4,1.4834
29187,29,187,74.1,1.4417
29189,29,189,78.6,1.782
29195,29,195,77.6,2.0626
29197,29,197,78.1,1.584
29199,29,199,73.6,1.2454
29201,29,201,77.2,1.9511
29203,29,203,76.8,1.2468
29205,29,205,76.0,1.6564
29207,29,207,75.4,1.3826
29209,29,209,77.6,1.7939
29211,29,211,77.2,2.0325
29213,29,213,77.0,1.5383
29215,29,215,76.5,1.1622
29217,29,217,75.9,1.9439
29219,29,219,79.1,1.7613
29221,29,221,74.2,1.2637
29223,29,223,75.1,1.4368
29225,29,225,76.9,1.664
29227,29,227,77.0,1.7776
29229,29,229,75.2,1.5341
29510,29,510,73.4,2.2235
30001,30,1,79.8,1.4589
30003,30,3,77.5,2.1422
30005,30,5,77.7,1.8935
30007,30,7,72.3,2.055
30009,30,9,79.5,1.7878
30011,30,11,78.7,0.8077
30013,30,13,76.9,1.7101
30015,30,15,81.6,1.8575
30017,30,17,76.8,2.0197
30019,30,19,81.4,1.8258
30021,30,21,80.4,2.8358
30023,30,23,76.5,1.7952
30025,30,25,79.1,1.4451
30027,30,27,79.6,1.4519
30029,30,29,79.9,2.0214
30031,30,31,80.9,2.1549
30033,30,33,79.9,2.3143
30035,30,35,75.1,1.447
30039,30,39,87.0,2.6102
30041,30,41,77.9,2.0678
30043,30,43,79.8,2.5342
30045,30,45,82.7,2.8264
30047,30,47,79.9,2.1536
30049,30,49,79.3,1.9475
30051,30,51,77.9,0.666
30053,30,53,78.8,2.0872
30055,30,55,81.8,2.0384
30057,30,57,84.1,2.7044
30059,30,59,75.8,1.7427
30061,30,61,77.8,1.6992
30063,30,63,79.1,1.7998
30065,30,65,77.8,2.2954
30067,30,67,78.5,1.9319
30071,30,71,78.6,1.0227
30073,30,73,78.7,1.1661
30075,30,75,77.9,0.7198
30077,30,77,78.0,1.1069
30079,30,79,77.9,1.0127
30081,30,81,80.2,2.1327
30083,30,83,78.2,1.5387
30085,30,85,75.8,1.3434
30087,30,87,79.5,2.4635
30089,30,89,79.6,1.5536
30091,30,91,77.4,1.1809
30093,30,93,75.7,1.4088
30095,30,95,79.8,1.7857
30097,30,97,79.8,1.1268
30099,30,99,83.8,2.4412
30101,30,101,78.4,1.2659
30105,30,105,76.8,1.3253
30107,30,107,80.8,1.8735
30109,30,109,77.9,0.9397
30111,30,111,78.1,1.866
31001,31,1,79.2,1.9902
31003,31,3,82.2,2.1549
31011,31,11,80.1,1.8161
31013,31,13,78.2,1.9653
31015,31,15,79.2,1.3399
31017,31,17,81.6,1.4215
31019,31,19,80.8,1.9117
31021,31,21,77.3,2.1351
31023,31,23,79.5,1.346
31025,31,25,78.8,1.3734
31027,31,27,81.2,1.1208
31029,31,29,78.4,1.2903
31031,31,31,78.5,1.3819
31033,31,33,80.6,1.7433
31035,31,35,79.6,1.2597
31037,31,37,80.7,1.9884
31039,31,39,81.0,1.5707
31041,31,41,79.7,1.7885
31043,31,43,78.3,1.2159
31045,31,45,82.2,1.5205
31047,31,47,79.6,2.251
31049,31,49,82.8,1.9625
31051,31,51,80.6,1.4114
31053,31,53,78.4,1.5215
31055,31,55,77.8,2.1369
31057,31,57,79.3,1.5548
31059,31,59,77.4,1.3433
31061,31,61,80.6,2.2852
31063,31,63,86.2,2.1804
31065,31,65,78.8,0.9137
31067,31,67,77.6,1.5894
31069,31,69,78.4,1.5581
31071,31,71,76.7,2.2181
31073,31,73,78.4,1.5187
31077,31,77,79.9,1.6701
31079,31,79,79.5,1.7682
31081,31,81,80.4,1.9953
31083,31,83,81.1,1.1147
31085,31,85,77.9,0.7564
31087,31,87,78.8,1.3734
31089,31,89,79.4,1.3735
31093,31,93,83.9,2.7532
31095,31,95,76.3,1.5389
31097,31,97,78.7,1.7014
31099,31,99,78.3,1.2293
31101,31,101,77.1,2.2141
31105,31,105,77.3,1.1196
31107,31,107,79.6,1.4061
31109,31,109,79.3,2.1154
31111,31,111,79.7,2.0309
31113,31,113,77.6,0.8046
31119,31,119,79.7,1.9048
31121,31,121,78.8,1.9461
31123,31,123,78.5,1.0628
31125,31,125,76.7,1.1206
31127,31,127,77.4,0.8566
31129,31,129,78.0,2.7531
31131,31,131,78.8,1.4585
31133,31,133,80.1,1.3219
31135,31,135,82.9,1.3304
31137,31,137,80.1,1.6514
31139,31,139,80.2,1.0924
31141,31,141,81.2,1.6807
31143,31,143,79.8,1.2754
31145,31,145,79.5,1.4276
31147,31,147,79.6,2.2048
31149,31,149,77.0,1.8982
31151,31,151,77.4,1.5545
31153,31,153,80.2,2.4637
31155,31,155,79.9,1.824
31157,31,157,78.9,1.8094
31159,31,159,79.1,1.2436
31161,31,161,80.1,1.8824
31163,31,163,77.3,1.2735
31165,31,165,86.6,3.7458
31167,31,167,79.2,0.977
31169,31,169,78.8,1.5378
31173,31,173,81.7,2.2583
31175,31,175,79.7,1.7769
31177,31,177,81.3,1.9633
31179,31,179,81.6,1.332
31181,31,181,77.4,1.7276
31183,31,183,77.6,0.7623
31185,31,185,79.5,1.531
32001,32,1,78.1,1.9802
32003,32,3,77.3,2.2008
32005,32,5,79.8,1.8978
32007,32,7,78.1,2.4997
32011,32,11,81.4,2.4314
32013,32,13,77.9,2.7013
32015,32,15,79.8,1.663
32017,32,17,78.8,2.9594
32019,32,19,78.0,1.9623
32021,32,21,80.3,2.8065
32023,32,23,75.0,1.8145
32027,32,27,79.6,1.237
32029,32,29,80.6,1.755
32031,32,31,78.2,2.0714
32033,32,33,78.9,1.7992
32510,32,510,77.5,1.5644
33001,33,1,80.2,2.003
33003,33,3,82.5,2.3353
33005,33,5,80.4,1.8187
33007,33,7,78.8,1.6099
33009,33,9,81.7,1.7749
33011,33,11,79.1,1.9216
33013,33,13,79.5,1.949
33015,33,15,80.6,2.0821
33017,33,17,79.5,1.8338
33019,33,19,80.0,2.1379
34001,34,1,77.6,1.8869
34003,34,3,82.3,1.7921
34005,34,5,78.8,1.8984
34007,34,7,77.8,2.0023
34009,34,9,78.3,2.0071
34011,34,11,76.3,1.8403
34013,34,13,78.1,2.2837
34015,34,15,77.6,1.6253
34017,34,17,79.8,2.2216
34019,34,19,82.6,2.0945
34021,34,21,78.9,1.9011
34023,34,23,80.7,2.0331
34025,34,25,79.8,1.7574
34027,34,27,82.0,1.8386
34029,34,29,78.4,1.8213
34031,34,31,79.3,1.9791
34033,34,33,77.0,1.978
34035,34,35,81.8,1.9434
34037,34,37,79.7,1.9698
34039,34,39,80.2,1.8941
34041,34,41,80.0,1.7545
35001,35,1,78.5,2.0298
35003,35,3,78.7,1.6938
35005,35,5,77.2,2.0795
35006,35,6,77.0,1.5721
35007,35,7,81.5,2.0074
35009,35,9,76.6,1.5137
35011,35,11,76.5,2.5018
35013,35,13,79.5,2.1576
35015,35,15,75.8,1.6634
35017,35,17,80.2,2.1277
35019,35,19,84.0,3.3692
35023,35,23,79.8,2.4445
35025,35,25,76.9,2.1796
35027,35,27,81.7,2.3261
35028,35,28,83.2,1.6455
35029,35,29,76.8,1.5899
35031,35,31,76.1,1.5449
35033,35,33,77.7,1.215
35035,35,35,77.4,2.2241
35037,35,37,75.9,2.2079
35039,35,39,79.2,1.6864
35041,35,41,78.3,1.868
35043,35,43,79.3,1.8019
35045,35,45,78.4,2.0051
35047,35,47,77.8,2.2757
35049,35,49,80.5,2.3257
35051,35,51,75.5,1.8152
35053,35,53,77.4,1.8016
35055,35,55,81.4,1.7798
35057,35,57,81.3,2.3551
35059,35,59,78.5,1.1984
35061,35,61,77.6,1.7882
36001,36,1,79.5,1.925
36003,36,3,81.3,1.7226
36005,36,5,78.2,2.2962
36007,36,7,79.3,1.911
36009,36,9,79.4,1.674
36011,36,11,80.9,1.8696
36013,36,13,78.9,1.6765
36015,36,15,77.6,1.5452
36017,36,17,80.6,1.6865
36019,36,19,79.6,2.0903
36021,36,21,81.8,2.2671
36023,36,23,80.2,1.9213
36025,36,25,81.4,1.9007
36027,36,27,80.6,2.0107
36029,36,29,77.7,1.8161
36031,36,31,81.0,1.811
36033,36,33,79.3,1.9121
36035,36,35,79.5,1.8492
36037,36,37,79.8,1.7562
36039,36,39,80.4,2.1659
36041,36,41,79.2,1.4713
36043,36,43,79.6,1.8113
36045,36,45,80.1,1.7779
36047,36,47,80.1,2.2977
36049,36,49,84.7,2.6562
36051,36,51,81.2,1.7127
36053,36,53,81.9,1.7414
36055,36,55,79.3,2.0944
36057,36,57,79.3,2.0154
36059,36,59,82.4,1.7095
36061,36,61,81.9,2.2788
36063,36,63,77.1,1.8922
36065,36,65,78.8,2.0857
36067,36,67,79.4,2.0075
36069,36,69,80.2,1.9258
36071,36,71,80.2,2.1127
36073,36,73,78.3,1.574
36075,36,75,79.7,1.8442
36077,36,77,81.1,1.833
36079,36,79,81.9,1.8736
36081,36,81,81.5,2.3434
36083,36,83,79.1,1.9374
36085,36,85,79.6,1.992
36087,36,87,82.3,2.0656
36089,36,89,81.1,2.1572
36091,36,91,81.7,2.0989
36093,36,93,78.8,1.8332
36095,36,95,81.9,1.7743
36097,36,97,81.1,2.1182
36099,36,99,80.6,1.7499
36101,36,101,79.8,1.7608
36103,36,103,80.7,1.8631
36105,36,105,80.0,2.1412
36107,36,107,80.6,1.7822
36109,36,109,81.3,1.9679
36111,36,111,80.2,1.9724
36113,36,113,79.7,2.0786
36115,36,115,81.4,2.1471
36117,36,117,80.1,1.9044
36119,36,119,82.4,2.0816
36121,36,121,79.4,1.4844
36123,36,123,80.6,1.4807
37001,37,1,77.9,1.8641
37003,37,3,77.2,1.6911
37005,37,5,79.0,1.7808
37007,37,7,75.7,1.7519
37009,37,9,77.5,2.1949
37011,37,11,79.2,1.7429
37013,37,13,75.5,1.6205
37015,37,15,77.0,1.6837
37017,37,17,76.9,2.0762
37019,37,19,77.1,2.06
37021,37,21,77.9,2.0724
37023,37,23,76.7,1.4589
37025,37,25,77.3,1.7575
37027,37,27,75.9,1.6416
37029,37,29,81.0,2.1289
37031,37,31,78.1,2.1739
37033,37,33,75.7,1.6516
37035,37,35,75.9,1.6383
37037,37,37,82.1,2.3355
37039,37,39,76.2,1.8919
37041,37,41,77.3,1.3266
37043,37,43,78.2,1.5853
37045,37,45,74.6,1.6555
37047,37,47,74.2,1.6768
37049,37,49,76.6,1.8101
37051,37,51,75.1,1.8867
37053,37,53,76.1,2.1871
37055,37,55,78.8,1.9509
37057,37,57,75.9,1.7047
37059,37,59,77.6,1.3608
37061,37,61,79.5,1.8448
37063,37,63,78.5,2.2888
37065,37,65,76.3,2.2882
37067,37,67,77.1,1.8702
37069,37,69,77.1,1.9461
37071,37,71,75.0,1.7502
37073,37,73,77.6,1.4479
37075,37,75,75.2,2.6304
37077,37,77,77.8,2.0999
37079,37,79,77.1,1.2785
37081,37,81,78.2,1.9856
37083,37,83,75.4,1.9448
37085,37,85,76.7,2.012
37087,37,87,77.1,1.4918
37089,37,89,79.4,1.8625
37091,37,91,76.2,1.767
37093,37,93,76.6,2.1067
37095,37,95,78.7,1.6003
37097,37,97,77.0,1.9948
37099,37,99,78.3,1.9957
37101,37,101,77.2,1.719
37103,37,103,77.1,2.0622
37105,37,105,75.9,1.6071
37107,37,107,74.3,1.8129
37109,37,109,77.3,1.8202
37111,37,111,76.6,1.8362
37113,37,113,78.0,1.7423
37115,37,115,78.7,1.9435
37117,37,117,77.1,1.5554
37119,37,119,78.5,2.2352
37121,37,121,77.4,1.2153
37123,37,123,76.1,2.1562
37125,37,125,80.8,2.0351
37127,37,127,76.4,1.5234
37129,37,129,77.8,1.8855
37131,37,131,77.0,1.7188
37133,37,133,77.0,2.1281
37135,37,135,79.9,1.7495
37137,37,137,79.6,2.176
37139,37,139,76.2,1.7637
37141,37,141,77.2,2.2327
37143,37,143,77.0,1.6837
37145,37,145,76.4,1.971
37147,37,147,77.7,2.2158
37149,37,149,79.5,2.2952
37151,37,151,76.5,1.7276
37153,37,153,74.4,1.4142
37155,37,155,74.3,1.7557
37157,37,157,75.8,1.6732
37159,37,159,75.0,1.4712
37161,37,161,75.3,1.4893
37163,37,163,75.6,1.5619
37165,37,165,75.6,1.672
37167,37,167,76.8,1.4522
37169,37,169,77.2,1.6785
37171,37,171,76.6,1.6314
37173,37,173,75.5,1.6655
37175,37,175,79.9,1.7224
37177,37,177,80.2,2.0559
37179,37,179,78.3,1.812
37181,37,181,74.2,1.9638
37183,37,183,80.3,2.2682
37185,37,185,76.1,1.3774
37187,37,187,77.3,1.9286
37189,37,189,80.2,1.842
37191,37,191,75.5,1.9541
37193,37,193,76.5,1.7602
37195,37,195,77.3,1.9611
37197,37,197,76.2,1.7931
37199,37,199,76.7,1.3411
38001,38,1,79.3,1.5105
38003,38,3,79.0,1.7879
38005,38,5,73.4,2.5089
38007,38,7,79.6,1.2399
38009,38,9,81.3,2.4124
38011,38,11,79.0,2.2914
38013,38,13,78.0,1.5487
38015,38,15,81.0,2.1654
38017,38,17,79.7,1.9986
38019,38,19,81.2,2.1251
38021,38,21,80.9,2.6032
38023,38,23,85.1,1.9804
38025,38,25,84.8,1.9723
38027,38,27,72.2,1.7856
38029,38,29,79.6,1.29
38031,38,31,80.4,1.1388
38033,38,33,80.9,2.0565
38035,38,35,79.1,2.1342
38037,38,37,79.3,1.5785
38039,38,39,80.0,1.4284
38041,38,41,77.0,2.3571
38043,38,43,84.6,2.5429
38045,38,45,80.4,1.7082
38047,38,47,79.3,1.7951
38049,38,49,79.2,1.6582
38051,38,51,80.3,0.9571
38053,38,53,81.5,2.4887
38055,38,55,79.4,1.3066
38057,38,57,82.5,2.2825
38059,38,59,80.8,2.1109
38061,38,61,74.1,2.057
38063,38,63,77.6,1.2921
38065,38,65,84.3,3.1753
38067,38,67,81.2,2.4397
38069,38,69,78.1,2.0931
38071,38,71,78.2,0.9747
38073,38,73,77.8,2.5057
38075,38,75,78.1,1.4652
38077,38,77,81.1,2.4155
38079,38,79,74.9,1.8671
38081,38,81,81.7,2.4639
38083,38,83,77.6,0.6546
38085,38,85,71.4,2.2962
38089,38,89,80.7,2.1136
38091,38,91,84.5,2.4364
38093,38,93,78.6,2.0497
38095,38,95,79.4,1.643
38097,38,97,78.1,2.1876
38099,38,99,78.2,1.7962
38101,38,101,79.0,1.875
38103,38,103,78.8,2.0775
38105,38,105,78.3,1.9276
39001,39,1,74.0,1.3505
39003,39,3,76.9,1.6914
39005,39,5,77.9,1.2875
39007,39,7,75.8,1.7005
39009,39,9,76.9,1.5336
39011,39,11,78.4,1.3107
39013,39,13,75.6,1.9409
39015,39,15,75.1,1.5281
39017,39,17,76.2,1.8753
39019,39,19,77.5,1.6071
39021,39,21,77.0,1.7517
39023,39,23,74.3,1.7588
39025,39,25,77.6,1.8264
39027,39,27,75.2,1.5599
39029,39,29,76.2,1.4197
39031,39,31,77.0,1.6119
39033,39,33,76.1,1.8314
39035,39,35,76.3,1.9889
39037,39,37,78.6,1.6646
39039,39,39,77.8,1.3814
39041,39,41,79.8,1.8386
39043,39,43,76.6,1.5907
39045,39,45,78.4,1.7097
39047,39,47,75.0,1.3957
39049,39,49,76.2,1.9981
39051,39,51,78.7,1.3934
39053,39,53,73.9,1.3592
39055,39,55,80.5,1.7387
39057,39,57,78.3,1.6347
39059,39,59,76.3,1.5648
39061,39,61,76.1,1.9658
39063,39,63,78.6,1.5231
39065,39,65,77.6,1.6872
39067,39,67,77.4,1.988
39069,39,69,80.3,1.5368
39071,39,71,75.2,1.5718
39073,39,73,77.2,2.0706
39075,39,75,83.0,2.5297
39077,39,77,77.1,1.615
39079,39,79,73.5,1.4616
39081,39,81,74.2,1.7753
39083,39,83,77.2,1.5755
39085,39,85,78.0,1.6615
39087,39,87,74.2,1.6128
39089,39,89,77.0,1.5147
39091,39,91,76.9,1.6679
39093,39,93,76.9,1.6309
39095,39,95,75.1,1.9516
39097,39,97,76.6,2.1157
39099,39,99,75.2,1.8966
39101,39,101,75.0,1.6201
39103,39,103,79.5,1.7044
39105,39,105,76.8,1.8933
39107,39,107,78.9,1.5652
39109,39,109,77.7,1.4333
39111,39,111,77.7,1.1512
39113,39,113,75.3,1.8949
39115,39,115,76.6,1.3877
39117,39,117,77.1,1.5909
39119,39,119,76.1,1.5771
39121,39,121,78.5,1.9172
39123,39,123,78.6,1.4297
39125,39,125,77.6,1.2475
39127,39,127,77.2,1.3089
39129,39,129,75.6,1.4995
39131,39,131,73.6,1.632
39133,39,133,77.7,1.5567
39135,39,135,76.5,1.7321
39137,39,137,80.6,1.2364
39139,39,139,75.4,1.5424
39141,39,141,74.8,1.709
39143,39,143,77.6,1.5943
39145,39,145,73.6,1.9169
39147,39,147,78.4,1.6059
39149,39,149,78.8,1.6779
39151,39,151,76.9,1.4845
39153,39,153,76.4,1.7453
39155,39,155,75.7,1.7838
39157,39,157,78.3,1.6136
39159,39,159,78.3,1.8815
39161,39,161,77.1,1.6288
39163,39,163,75.2,1.5842
39165,39,165,79.0,1.8747
39167,39,167,76.7,1.4802
39169,39,169,78.6,1.691
39171,39,171,79.4,1.5278
39173,39,173,78.8,1.6392
39175,39,175,80.7,2.0714
40001,40,1,72.4,1.4278
40003,40,3,78.8,2.3667
40005,40,5,77.0,1.7757
40007,40,7,78.3,1.2866
40009,40,9,74.9,1.2985
40011,40,11,74.9,1.9295
40013,40,13,76.9,1.6758
40015,40,15,79.7,2.4827
40017,40,17,77.2,1.8796
40019,40,19,74.3,1.7176
40021,40,21,74.8,1.5351
40023,40,23,73.9,1.6488
40025,40,25,82.4,2.3518
40027,40,27,76.6,1.8087
40029,40,29,75.0,1.0098
40031,40,31,74.8,2.0301
40033,40,33,78.2,2.2673
40035,40,35,75.6,2.0247
40037,40,37,75.3,1.7419
40039,40,39,76.4,1.6696
40041,40,41,75.7,1.5308
40043,40,43,78.2,2.1085
40045,40,45,79.4,2.5815
40047,40,47,76.3,1.4384
40049,40,49,73.9,1.5951
40051,40,51,77.1,1.3404
40053,40,53,76.6,1.5439
40055,40,55,78.6,1.9961
40057,40,57,79.1,1.7348
40059,40,59,83.4,2.4878
40061,40,61,79.1,2.1354
40063,40,63,73.4,1.5869
40065,40,65,75.9,1.7464
40067,40,67,75.9,1.7241
40069,40,69,78.7,1.9794
40071,40,71,74.8,1.3017
40073,40,73,80.7,1.8386
40075,40,75,72.2,1.7246
40077,40,77,76.6,1.5985
40079,40,79,74.4,1.5358
40081,40,81,76.7,1.2669
40083,40,83,78.0,2.0468
40085,40,85,76.1,1.2677
40087,40,87,76.4,1.612
40089,40,89,75.6,1.935
40091,40,91,69.7,0.964
40093,40,93,76.9,1.4945
40095,40,95,77.8,1.74
40097,40,97,76.1,1.6218
40099,40,99,76.9,2.2763
40101,40,101,73.5,1.4785
40103,40,103,75.9,1.6453
40105,40,105,75.4,1.2859
40107,40,107,77.4,2.039
40109,40,109,75.4,1.9828
40111,40,111,73.8,1.4777
40113,40,113,77.6,1.8786
40115,40,115,74.0,1.2589
40117,40,117,76.4,1.9865
40119,40,119,77.0,2.0023
40121,40,121,75.9,1.6899
40123,40,123,75.3,1.8979
40125,40,125,74.0,1.3351
40127,40,127,78.5,1.941
40129,40,129,82.4,1.8384
40131,40,131,76.5,1.713
40133,40,133,75.9,1.9895
40135,40,135,75.3,1.5849
40137,40,137,75.2,1.1952
40139,40,139,79.1,1.3087
40141,40,141,75.1,1.4879
40143,40,143,76.1,1.778
40145,40,145,76.0,1.9597
40147,40,147,76.6,1.644
40149,40,149,80.0,1.7961
40151,40,151,76.7,1.3402
40153,40,153,75.6,1.5118
41001,41,1,77.6,1.6197
41003,41,3,81.9,1.851
41005,41,5,79.9,1.8075
41007,41,7,78.0,1.8716
41009,41,9,78.7,1.612
41011,41,11,76.2,1.4675
41013,41,13,77.2,2.0423
41015,41,15,75.8,1.6806
41017,41,17,79.9,1.6424
41019,41,19,76.9,1.6527
41021,41,21,80.5,2.3189
41023,41,23,81.4,1.5126
41025,41,25,77.8,2.5486
41027,41,27,81.3,1.6996
41029,41,29,78.3,1.6615
41031,41,31,78.0,1.6255
41033,41,33,76.9,1.7675
41035,41,35,77.6,2.1304
41037,41,37,79.2,1.7739
41039,41,39,78.8,1.8117
41041,41,41,77.9,2.047
41043,41,43,77.9,1.509
41045,41,45,77.8,1.3741
41047,41,47,79.3,1.8182
41049,41,49,80.5,1.5389
41051,41,51,78.9,1.9501
41053,41,53,79.3,1.6472
41055,41,55,81.7,1.965
41057,41,57,78.3,2.3301
41059,41,59,79.0,1.7208
41061,41,61,78.4,1.8668
41063,41,63,78.9,1.8317
41065,41,65,77.9,1.7901
41067,41,67,81.2,2.1009
41069,41,69,78.2,1.3554
41071,41,71,79.6,1.7752
42001,42,1,80.0,1.77
42003,42,3,77.2,1.8686
42005,42,5,77.8,1.7676
42007,42,7,77.2,1.6929
42009,42,9,78.6,1.2964
42011,42,11,78.5,1.7315
42013,42,13,77.5,1.8193
42015,42,15,79.2,1.2746
42017,42,17,79.6,1.8051
42019,42,19,78.9,1.6217
42021,42,21,77.3,1.6313
42023,42,23,79.4,1.5758
42025,42,25,77.0,1.6068
42027,42,27,81.8,2.0246
42029,42,29,80.8,1.9339
42031,42,31,79.2,1.6912
42033,42,33,78.1,1.5819
42035,42,35,79.2,1.7063
42037,42,37,78.4,1.5692
42039,42,39,77.7,1.564
42041,42,41,79.8,1.7697
42043,42,43,78.1,1.8695
42045,42,45,77.7,1.7831
42047,42,47,78.3,1.665
42049,42,49,77.3,1.7862
42051,42,51,76.3,1.7179
42053,42,53,76.0,2.0306
42055,42,55,80.1,1.7673
42057,42,57,77.0,1.0711
42059,42,59,77.8,1.5062
42061,42,61,80.0,1.8639
42063,42,63,78.8,1.5785
42065,42,65,77.7,1.4367
42067,42,67,79.4,1.4372
42069,42,69,76.7,1.7745
42071,42,71,79.8,1.7919
42073,42,73,77.0,1.8855
42075,42,75,78.9,1.7008
42077,42,77,79.4,1.7475
42079,42,79,76.5,1.7844
42081,42,81,79.1,1.6768
42083,42,83,77.0,1.451
42085,42,85,77.3,1.6071
42087,42,87,78.6,1.7825
42089,42,89,79.6,2.0894
42091,42,91,80.2,1.8366
42093,42,93,79.4,1.5866
42095,42,95,79.7,1.7724
42097,42,97,77.0,1.4577
42099,42,99,77.2,1.2445
42101,42,101,75.4,1.9858
42103,42,103,80.5,2.1633
42105,42,105,79.7,1.4232
42107,42,107,76.3,1.6565
42109,42,109,81.2,1.5604
42111,42,111,78.1,1.6183
42113,42,113,77.0,1.1388
42115,42,115,79.3,1.6704
42117,42,117,78.6,1.1825
42119,42,119,80.6,1.4556
42121,42,121,77.3,1.5537
42123,42,123,78.5,1.671
42125,42,125,77.0,1.6498
42127,42,127,77.7,1.5514
42129,42,129,78.0,1.6776
42131,42,131,79.4,1.5913
42133,42,133,78.4,1.7517
44001,44,1,80.7,1.5156
44003,44,3,78.9,1.6298
44005,44,5,80.5,1.8391
44007,44,7,78.5,1.8548
44009,44,9,80.6,1.7337
45001,45,1,77.6,1.9177
45003,45,3,77.1,1.9153
45005,45,5,72.5,1.9625
45007,45,7,76.5,1.8384
45009,45,9,75.6,1.8538
45011,45,11,75.7,1.7118
45013,45,13,80.0,2.1521
45015,45,15,77.0,2.1894
45017,45,17,75.9,1.4708
45019,45,19,77.6,2.0938
45021,45,21,74.2,2.0136
45023,45,23,73.8,2.3313
45025,45,25,75.4,1.8718
45027,45,27,75.4,1.8892
45029,45,29,73.5,2.1177
45031,45,31,73.5,1.6945
45033,45,33,75.0,1.5564
45035,45,35,78.0,2.213
45037,45,37,77.0,1.7621
45039,45,39,76.2,1.948
45041,45,41,74.5,2.001
45043,45,43,76.3,1.9908
45045,45,45,77.5,1.9726
45047,45,47,77.9,1.7995
45049,45,49,75.7,1.7034
45051,45,51,77.0,1.9996
45053,45,53,75.9,1.7158
45055,45,55,75.4,1.8025
45057,45,57,75.5,1.6446
45059,45,59,75.5,1.9093
45061,45,61,73.3,1.478
45063,45,63,77.7,2.1965
45065,45,65,77.4,1.4367
45067,45,67,73.8,2.1004
45069,45,69,73.7,1.6421
45071,45,71,77.4,2.1166
45073,45,73,76.0,1.5565
45075,45,75,74.3,1.8549
45077,45,77,75.5,1.6347
45079,45,79,76.8,2.1504
45081,45,81,78.2,2.5493
45083,45,83,76.2,1.9987
45085,45,85,75.3,1.8697
45087,45,87,73.5,1.75
45089,45,89,73.2,2.0192
45091,45,91,77.2,1.9918
46003,46,3,83.5,1.7582
46005,46,5,78.8,2.0768
46007,46,7,76.2,2.0666
46009,46,9,83.8,2.1164
46011,46,11,80.0,1.5499
46013,46,13,79.7,1.6222
46015,46,15,78.9,1.5658
46017,46,17,74.8,1.0952
46019,46,19,81.9,2.2744
46021,46,21,81.6,1.964
46023,46,23,80.3,1.7228
46025,46,25,80.9,1.1049
46027,46,27,78.9,1.6625
46029,46,29,82.5,2.4341
46031,46,31,78.5,3.2563
46033,46,33,80.2,1.4792
46035,46,35,80.9,1.8148
46037,46,37,78.7,1.4053
46039,46,39,83.6,3.2794
46041,46,41,78.8,3.3993
46043,46,43,82.7,1.2611
46045,46,45,81.1,1.8043
46047,46,47,76.8,1.5585
46049,46,49,81.8,1.5485
46051,46,51,81.6,1.8163
46053,46,53,76.6,1.7177
46055,46,55,81.9,1.2639
46057,46,57,81.7,1.761
46059,46,59,81.2,2.9499
46063,46,63,84.1,3.4432
46065,46,65,79.8,2.1633
46067,46,67,80.5,1.8778
46069,46,69,80.8,2.2063
46071,46,71,80.2,3.4996
46073,46,73,80.5,1.5174
46077,46,77,79.4,1.4232
46079,46,79,83.5,2.7374
46081,46,81,79.3,1.5083
46083,46,83,80.8,1.8958
46085,46,85,82.4,2.8136
46087,46,87,77.4,1.3569
46089,46,89,80.4,2.4527
46093,46,93,81.0,2.0222
46095,46,95,77.2,1.9316
46097,46,97,79.4,1.373
46099,46,99,79.2,2.2905
46101,46,101,77.2,1.7347
46103,46,103,79.3,2.0651
46105,46,105,78.2,1.5378
46107,46,107,80.2,1.4638
46109,46,109,77.6,1.6629
46111,46,111,79.2,1.3607
46115,46,115,81.2,2.4722
46117,46,117,80.9,2.5751
46119,46,119,79.4,0.7761
46121,46,121,74.7,1.9376
46123,46,123,80.6,1.9329
46125,46,125,80.1,1.1066
46127,46,127,80.7,1.4579
46129,46,129,78.6,1.5895
46135,46,135,79.6,1.5551
46137,46,137,75.2,0.6512
47001,47,1,76.5,1.6151
47003,47,3,76.3,1.5998
47005,47,5,72.8,1.4979
47007,47,7,76.6,1.7022
47009,47,9,76.5,1.6257
47011,47,11,75.2,1.5837
47013,47,13,72.8,1.5328
47015,47,15,74.8,1.6216
47017,47,17,74.4,1.3817
47019,47,19,75.0,1.7398
47021,47,21,75.0,1.5604
47023,47,23,75.1,1.2803
47025,47,25,73.6,1.5382
47027,47,27,73.0,1.8897
47029,47,29,72.7,1.4686
47031,47,31,74.4,1.3891
47033,47,33,74.6,1.3929
47035,47,35,75.7,1.7713
47037,47,37,76.5,1.9626
47039,47,39,76.3,1.9747
47041,47,41,73.3,1.3977
47043,47,43,75.8,1.5335
47045,47,45,75.5,1.7982
47047,47,47,76.1,1.691
47049,47,49,73.8,1.2571
47051,47,51,75.2,1.9347
47053,47,53,74.4,1.6965
47055,47,55,74.8,1.5745
47057,47,57,73.3,1.4572
47059,47,59,74.9,1.5088
47061,47,61,74.0,1.4573
47063,47,63,74.4,1.4806
47065,47,65,76.3,1.7922
47067,47,67,72.6,1.5616
47069,47,69,74.0,1.8399
47071,47,71,73.4,1.4803
47073,47,73,74.2,1.5347
47075,47,75,74.2,2.2115
47077,47,77,73.2,1.777
47079,47,79,73.4,1.7584
47081,47,81,74.2,1.6866
47083,47,83,74.2,1.6265
47085,47,85,75.1,1.3731
47087,47,87,72.4,1.7318
47089,47,89,75.5,1.1704
47091,47,91,73.7,1.9007
47093,47,93,76.0,1.8479
47095,47,95,73.5,1.36
47097,47,97,74.1,2.4389
47099,47,99,75.0,1.6224
47101,47,101,75.8,1.2852
47103,47,103,75.4,1.4666
47105,47,105,76.1,1.7247
47107,47,107,74.8,1.518
47109,47,109,73.7,1.47
47111,47,111,74.0,1.2104
47113,47,113,75.0,1.9065
47115,47,115,74.4,1.822
47117,47,117,75.3,1.2962
47119,47,119,76.6,1.675
47121,47,121,72.7,1.4265
47123,47,123,75.1,1.6745
47125,47,125,75.5,1.958
47127,47,127,78.2,1.7497
47129,47,129,74.0,1.7698
47131,47,131,75.1,1.4302
47133,47,133,73.5,1.5929
47135,47,135,75.6,1.8192
47137,47,137,76.5,1.3452
47139,47,139,74.2,2.1306
47141,47,141,75.9,1.6314
47143,47,143,74.8,1.8288
47145,47,145,74.5,1.5265
47147,47,147,75.2,1.6851
47149,47,149,77.4,2.0961
47151,47,151,72.2,1.7234
47153,47,153,76.1,1.526
47155,47,155,75.8,1.7162
47157,47,157,74.8,1.9948
47159,47,159,73.9,1.3533
47161,47,161,74.6,1.2234
47163,47,163,75.4,1.4084
47165,47,165,77.1,2.0615
47167,47,167,74.9,1.8364
47169,47,169,72.2,1.3316
47171,47,171,75.2,1.3095
47173,47,173,73.4,1.3685
47175,47,175,73.4,1.8
47177,47,177,73.6,1.5172
47179,47,179,75.7,1.6881
47181,47,181,74.1,1.3729
47183,47,183,76.1,1.9089
47185,47,185,73.6,1.3623
47187,47,187,81.2,1.9034
47189,47,189,77.0,1.6519
48001,48,1,77.5,1.7088
48003,48,3,76.0,2.0965
48005,48,5,76.0,1.6223
48007,48,7,76.3,1.9749
48009,48,9,78.4,0.978
48011,48,11,86.2,3.3002
48013,48,13,78.0,1.8107
48015,48,15,78.9,1.754
48017,48,17,80.5,1.6003
48019,48,19,80.3,2.2711
48021,48,21,77.8,1.6906
48023,48,23,74.4,1.4159
48025,48,25,76.1,1.6671
48027,48,27,76.7,2.0968
48029,48,29,77.8,1.9952
48031,48,31,78.2,1.4935
48035,48,35,77.1,1.9113
48037,48,37,75.1,1.6581
48039,48,39,77.7,1.7911
48041,48,41,78.5,2.0207
48043,48,43,81.8,2.3577
48045,48,45,84.4,2.1828
48047,48,47,76.4,1.9931
48049,48,49,74.9,1.958
48051,48,51,78.3,1.7383
48053,48,53,78.6,1.6644
48055,48,55,77.9,1.7194
48057,48,57,78.4,1.4108
48059,48,59,76.4,1.2654
48061,48,61,79.0,2.1309
48063,48,63,76.1,1.7745
48065,48,65,83.8,2.1494
48067,48,67,76.4,1.8324
48069,48,69,76.9,1.088
48071,48,71,77.9,1.701
48073,48,73,76.4,1.6787
48075,48,75,78.4,2.9826
48077,48,77,77.7,1.3929
48079,48,79,76.3,1.4407
48081,48,81,81.2,2.3006
48083,48,83,77.5,1.609
48085,48,85,80.6,2.1946
48087,48,87,76.3,1.7372
48089,48,89,79.5,2.0933
48091,48,91,79.1,2.2424
48093,48,93,79.7,2.1572
48095,48,95,86.8,2.3889
48097,48,97,76.3,1.8744
48099,48,99,75.9,1.8559
48101,48,101,79.8,2.0296
48103,48,103,76.8,1.2869
48105,48,105,79.2,1.633
48107,48,107,77.9,1.4052
48109,48,109,77.2,1.0787
48111,48,111,77.2,1.3049
48113,48,113,77.8,2.1138
48115,48,115,78.4,2.3926
48117,48,117,78.4,1.7633
48119,48,119,75.1,1.7716
48121,48,121,79.6,2.2744
48123,48,123,78.2,1.668
48125,48,125,79.9,1.2852
48127,48,127,78.4,1.3816
48129,48,129,79.1,2.2219
48131,48,131,81.7,2.6075
48133,48,133,75.6,1.8722
48135,48,135,75.1,1.5675
48137,48,137,80.5,1.239
48139,48,139,77.8,1.7753
48141,48,141,78.5,2.0719
48143,48,143,79.7,1.9056
48145,48,145,76.4,1.8865
48147,48,147,76.7,1.6165
48149,48,149,79.2,1.8034
48151,48,151,77.8,1.8109
48153,48,153,77.8,1.0014
48155,48,155,82.2,2.8998
48157,48,157,80.3,2.3
48159,48,159,76.5,1.5901
48161,48,161,76.1,2.1512
48163,48,163,76.9,1.7966
48165,48,165,78.4,1.61
48167,48,167,76.8,1.9591
48169,48,169,75.8,1.1899
48171,48,171,80.5,1.3716
48173,48,173,81.2,2.1089
48175,48,175,79.6,1.5598
48177,48,177,78.2,1.724
48179,48,179,76.2,1.8753
48181,48,181,75.4,1.629
48183,48,183,75.5,1.7849
48185,48,185,78.8,1.9438
48187,48,187,79.0,2.0816
48189,48,189,77.8,1.7657
48191,48,191,75.7,1.2774
48193,48,193,78.6,2.271
48195,48,195,78.8,1.2964
48197,48,197,77.4,1.5146
48199,48,199,76.2,1.735
48201,48,201,78.0,2.1924
48203,48,203,75.9,1.9393
48205,48,205,83.5,1.392
48207,48,207,79.2,1.5133
48209,48,209,78.8,2.0215
48211,48,211,80.2,1.672
48213,48,213,75.5,1.7021
48215,48,215,80.3,2.3226
48217,48,217,76.2,1.657
48219,48,219,76.9,1.8391
48221,48,221,77.5,1.6707
48223,48,223,76.7,1.612
48225,48,225,77.2,1.7775
48227,48,227,73.8,1.8501
48229,48,229,77.2,1.0644
48231,48,231,76.0,1.781
48233,48,233,74.6,1.5497
48235,48,235,79.2,1.2104
48237,48,237,76.8,2.4578
48239,48,239,78.7,1.4686
48241,48,241,75.2,1.5586
48243,48,243,82.2,1.3648
48245,48,245,75.0,1.9241
48247,48,247,76.1,2.0885
48249,48,249,76.6,1.9031
48251,48,251,77.0,1.5907
48253,48,253,73.4,1.7366
48255,48,255,79.3,2.1894
48257,48,257,76.4,1.714
48259,48,259,81.1,1.9364
48265,48,265,78.4,1.8088
48267,48,267,81.7,2.4803
48273,48,273,76.6,1.2319
48275,48,275,77.1,1.531
48277,48,277,74.4,1.6534
48279,48,279,77.1,1.4266
48281,48,281,78.5,2.0452
48283,48,283,79.2,1.7253
48285,48,285,79.0,1.7752
48287,48,287,78.3,1.5717
48289,48,289,81.9,2.505
48291,48,291,76.1,1.758
48293,48,293,76.3,2.3264
48295,48,295,81.2,1.7447
48297,48,297,78.6,2.1026
48299,48,299,78.8,2.2007
48303,48,303,76.9,1.9337
48305,48,305,78.7,1.8788
48307,48,307,78.5,1.5904
48309,48,309,76.8,1.7294
48313,48,313,74.9,1.7535
48315,48,315,72.5,2.0871
48317,48,317,84.2,3.0384
48319,48,319,83.2,2.0171
48321,48,321,76.4,1.9261
48323,48,323,78.5,1.7078
48325,48,325,79.7,1.8235
48327,48,327,86.4,2.8172
48329,48,329,78.1,1.7648
48331,48,331,77.6,2.0079
48333,48,333,80.8,1.9586
48335,48,335,79.1,1.9585
48337,48,337,75.2,1.8724
48339,48,339,78.0,1.7356
48341,48,341,78.6,1.7837
48343,48,343,77.7,1.9457
48345,48,345,75.7,0.7912
48347,48,347,75.9,1.7126
48349,48,349,77.5,1.5949
48351,48,351,76.8,2.5689
48353,48,353,75.6,2.0124
48355,48,355,77.3,1.8779
48357,48,357,78.4,1.8728
48359,48,359,79.0,1.0632
48361,48,361,74.5,1.6126
48363,48,363,76.4,1.938
48365,48,365,76.3,1.5074
48367,48,367,77.4,1.6832
48369,48,369,79.3,1.2026
48371,48,371,77.8,1.4975
48373,48,373,74.2,1.5382
48375,48,375,74.8,1.811
48377,48,377,78.8,1.3992
48379,48,379,80.4,2.0361
48381,48,381,78.1,1.6555
48383,48,383,77.5,2.6007
48385,48,385,78.3,0.8872
48387,48,387,75.9,1.7044
48389,48,389,77.2,1.9287
48391,48,391,76.8,1.2747
48393,48,393,78.6,2.3542
48395,48,395,78.8,2.4103
48397,48,397,79.0,1.6592
48399,48,399,78.6,2.2277
48401,48,401,76.2,1.522
48403,48,403,75.8,1.777
48405,48,405,74.1,2.3453
48407,48,407,74.6,1.3884
48409,48,409,77.1,2.0453
48411,48,411,79.6,1.6074
48413,48,413,85.3,2.5192
48415,48,415,76.3,1.7066
48417,48,417,80.3,1.3717
48419,48,419,75.2,1.6822
48421,48,421,87.3,2.6131
48423,48,423,77.3,1.7743
48425,48,425,78.6,2.2643
48427,48,427,77.4,1.7708
48429,48,429,76.6,2.1243
48431,48,431,84.0,3.0035
48433,48,433,76.7,1.9087
48435,48,435,79.6,1.3193
48437,48,437,80.6,1.7947
48439,48,439,77.5,2.0378
48441,48,441,75.3,1.7363
48443,48,443,79.6,1.6017
48445,48,445,76.2,1.4124
48447,48,447,78.4,2.4637
48449,48,449,76.5,1.9106
48451,48,451,77.3,1.7143
48453,48,453,79.8,2.225
48455,48,455,77.1,1.8928
48457,48,457,77.1,2.1619
48459,48,459,76.0,1.4592
48461,48,461,80.2,2.2581
48463,48,463,78.7,1.7431
48465,48,465,78.9,2.0446
48467,48,467,77.8,1.4478
48469,48,469,77.5,1.8161
48471,48,471,77.4,1.8387
48473,48,473,80.1,1.6282
48475,48,475,77.6,1.7937
48477,48,477,78.6,1.3653
48479,48,479,78.6,2.4628
48481,48,481,77.6,2.1229
48483,48,483,77.0,1.6614
48485,48,485,74.5,1.9464
48487,48,487,75.6,1.6683
48489,48,489,78.8,1.2858
48491,48,491,79.4,2.1138
48493,48,493,79.9,2.0999
48495,48,495,75.6,1.7937
48497,48,497,78.4,1.8343
48499,48,499,76.0,1.6138
48501,48,501,78.5,1.4631
48503,48,503,75.3,1.6964
48505,48,505,78.8,1.9335
48507,48,507,77.6,1.87
49001,49,1,80.2,1.6526
49003,49,3,79.2,1.6436
49005,49,5,80.7,2.0022
49007,49,7,75.6,1.5162
49011,49,11,80.3,2.0534
49013,49,13,80.7,2.2116
49015,49,15,81.9,1.8652
49017,49,17,86.2,2.6823
49019,49,19,77.1,2.0184
49021,49,21,79.2,1.7467
49023,49,23,79.0,1.2942
49025,49,25,82.1,2.2683
49027,49,27,82.5,1.9912
49029,49,29,78.4,1.9829
49031,49,31,77.4,0.856
49033,49,33,79.0,0.7799
49035,49,35,78.9,1.9843
49037,49,37,76.9,1.2496
49039,49,39,79.6,1.3639
49041,49,41,79.0,1.5595
49043,49,43,81.6,2.5186
49045,49,45,77.8,1.6019
49047,49,47,78.6,1.446
49049,49,49,79.9,2.1991
49051,49,51,79.5,1.6115
49053,49,53,81.1,1.7506
49055,49,55,89.3,2.6795
49057,49,57,77.6,1.8276
50001,50,1,82.0,1.991
50003,50,3,82.1,2.1252
50005,50,5,81.6,1.9697
50007,50,7,81.1,2.049
50009,50,9,78.3,1.8667
50011,50,11,79.0,1.4954
50013,50,13,79.7,1.3036
50015,50,15,80.6,1.751
50017,50,17,82.3,2.0896
50019,50,19,80.4,2.0117
50021,50,21,80.1,2.0718
50023,50,23,81.2,2.0308
50025,50,25,80.5,1.9716
50027,50,27,82.3,2.0601
51001,51,1,76.9,2.2504
51003,51,3,81.0,1.9043
51005,51,5,76.8,2.2676
51007,51,7,76.2,1.3528
51009,51,9,76.7,1.7233
51011,51,11,77.2,1.436
51013,51,13,82.0,2.3957
51015,51,15,78.3,1.4414
51017,51,17,77.4,2.1975
51019,51,19,77.7,1.7524
51021,51,21,74.8,1.6822
51023,51,23,78.0,1.6354
51025,51,25,76.0,1.4585
51027,51,27,74.2,1.9769
51029,51,29,77.8,1.6619
51031,51,31,76.5,1.461
51033,51,33,76.3,1.7107
51035,51,35,76.4,1.4689
51036,51,36,76.8,2.1276
51037,51,37,77.3,1.5825
51041,51,41,79.0,2.1112
51043,51,43,80.1,2.4339
51045,51,45,79.5,2.0393
51047,51,47,78.2,1.6987
51049,51,49,77.0,1.9217
51051,51,51,73.6,1.4178
51053,51,53,76.0,2.0194
51057,51,57,78.0,1.6226
51059,51,59,82.6,2.4377
51061,51,61,79.3,2.0759
51063,51,63,78.1,1.6156
51065,51,65,80.0,1.4343
51067,51,67,76.8,1.7864
51069,51,69,78.5,1.4531
51071,51,71,76.0,1.118
51073,51,73,77.7,1.7576
51075,51,75,78.5,1.3412
51077,51,77,76.9,1.6467
51079,51,79,80.5,2.4245
51081,51,81,72.2,1.27
51083,51,83,75.9,1.7575
51085,51,85,78.7,1.7502
51087,51,87,78.7,1.8052
51089,51,89,74.4,1.9057
51091,51,91,77.6,2.4353
51093,51,93,77.4,1.4151
51095,51,95,81.1,1.6764
51097,51,97,78.5,1.8249
51099,51,99,78.9,1.862
51101,51,101,75.9,1.6147
51103,51,103,78.4,1.5844
51105,51,105,77.0,1.9195
51107,51,107,81.9,2.4845
51109,51,109,77.6,1.4409
51111,51,111,76.0,1.663
51113,51,113,78.2,1.3422
51115,51,115,82.0,1.8038
51117,51,117,76.4,1.9946
51119,51,119,78.0,1.5961
51121,51,121,78.0,1.8034
51125,51,125,77.8,1.9148
51127,51,127,77.8,1.4919
51131,51,131,82.0,2.1014
51133,51,133,78.6,1.5232
51135,51,135,76.2,1.3496
51137,51,137,78.5,1.5358
51139,51,139,76.2,1.2953
51141,51,141,74.9,1.5613
51143,51,143,75.9,1.485
51145,51,145,79.4,1.5991
51147,51,147,74.7,0.9337
51149,51,149,79.6,2.2093
51153,51,153,80.1,2.4171
51155,51,155,75.4,1.4352
51157,51,157,79.6,1.3082
51159,51,159,78.2,1.6056
51161,51,161,79.3,1.7039
51163,51,163,80.2,1.5581
51165,51,165,79.8,1.6988
51167,51,167,76.2,2.0398
51169,51,169,75.2,1.4174
51171,51,171,78.7,1.4638
51173,51,173,74.4,1.4542
51175,51,175,77.0,1.3713
51177,51,177,78.6,2.022
51179,51,179,79.5,1.9929
51181,51,181,76.6,1.3628
51183,51,183,71.0,1.8534
51185,51,185,73.3,1.6342
51187,51,187,76.6,1.7707
51191,51,191,77.0,1.5811
51193,51,193,76.9,1.7237
51195,51,195,74.0,1.5111
51197,51,197,76.0,1.3187
51199,51,199,79.8,1.9738
51510,51,510,81.4,2.4051
51520,51,520,73.8,1.6701
51530,51,530,73.7,0.6735
51540,51,540,79.1,2.1139
51550,51,550,77.4,1.6997
51570,51,570,76.9,1.4665
51580,51,580,76.0,1.9104
51590,51,590,73.0,1.769
51595,51,595,71.4,1.8124
51600,51,600,82.6,1.6374
51610,51,610,83.8,1.7111
51620,51,620,74.5,1.0735
51630,51,630,79.0,1.6301
51640,51,640,75.2,1.7551
51650,51,650,75.6,1.7496
51660,51,660,79.8,1.9203
51670,51,670,72.7,1.6049
51678,51,678,78.6,1.0552
51680,51,680,76.3,1.4255
51683,51,683,80.3,1.9821
51685,51,685,80.4,2.0912
51690,51,690,73.8,1.9822
51700,51,700,76.2,2.0174
51710,51,710,75.2,1.9827
51720,51,720,72.7,1.1987
51730,51,730,72.3,1.8902
51735,51,735,79.5,1.5821
51740,51,740,73.1,2.0329
51750,51,750,76.5,0.7698
51760,51,760,75.3,2.1443
51770,51,770,74.8,1.5774
51775,51,775,76.6,1.384
51790,51,790,76.0,1.4529
51800,51,800,76.2,2.0789
51810,51,810,78.5,1.9887
51820,51,820,75.2,1.6406
51830,51,830,78.2,1.2666
51840,51,840,78.0,1.5408
53001,53,1,78.7,2.018
53003,53,3,77.6,1.6072
53005,53,5,79.6,1.9044
53007,53,7,80.4,1.8387
53009,53,9,78.8,1.9906
53011,53,11,79.2,1.9399
53013,53,13,79.0,1.2672
53015,53,15,77.0,1.9181
53017,53,17,81.1,1.7407
53019,53,19,79.4,1.9083
53021,53,21,80.4,2.1149
53023,53,23,82.5,1.586
53025,53,25,80.3,2.1607
53027,53,27,76.8,1.6351
53029,53,29,81.4,2.3688
53031,53,31,81.4,1.9118
53033,53,33,81.2,2.0402
53035,53,35,79.4,1.7782
53037,53,37,80.7,1.9941
53039,53,39,82.7,2.183
53041,53,41,78.3,1.8996
53043,53,43,81.0,1.7794
53045,53,45,77.6,1.7835
53047,53,47,80.5,2.2929
53049,53,49,77.5,1.7424
53051,53,51,79.2,2.9788
53053,53,53,78.5,1.9172
53055,53,55,84.4,1.6772
53057,53,57,79.7,1.7683
53059,53,59,80.4,2.2494
53061,53,61,79.6,1.9609
53063,53,63,77.7,1.778
53065,53,65,77.6,1.4927
53067,53,67,79.8,1.8938
53069,53,69,78.4,1.4745
53071,53,71,80.0,1.5073
53073,53,73,80.5,1.915
53075,53,75,80.8,1.5283
53077,53,77,78.3,1.8939
54001,54,1,73.9,1.3312
54003,54,3,76.3,1.6191
54005,54,5,74.4,1.9978
54007,54,7,76.9,1.341
54009,54,9,75.2,1.2927
54011,54,11,73.3,1.93
54013,54,13,74.4,1.8599
54015,54,15,76.0,1.622
54017,54,17,80.1,2.3909
54019,54,19,76.4,1.9594
54021,54,21,77.2,1.7065
54023,54,23,77.0,1.6854
54025,54,25,75.4,1.6321
54027,54,27,78.1,2.1451
54029,54,29,75.6,1.829
54031,54,31,78.5,2.1106
54033,54,33,74.6,1.6413
54035,54,35,78.0,2.3757
54037,54,37,77.9,1.987
54039,54,39,75.0,1.6391
54041,54,41,74.3,1.4806
54043,54,43,72.6,1.9623
54045,54,45,75.8,2.3928
54047,54,47,75.6,2.1678
54049,54,49,76.4,1.6839
54051,54,51,75.2,1.5869
54053,54,53,77.0,1.9529
54055,54,55,73.5,1.455
54057,54,57,76.7,1.5795
54059,54,59,73.3,1.826
54061,54,61,77.7,1.6783
54063,54,63,81.0,2.5482
54065,54,65,76.4,1.316
54067,54,67,74.0,1.9553
54069,54,69,75.6,1.957
54071,54,71,80.5,2.1987
54073,54,73,76.2,1.2583
54075,54,75,75.2,1.9644
54077,54,77,77.1,1.4855
54079,54,79,77.8,1.5052
54081,54,81,75.3,1.8552
54083,54,83,79.6,1.5031
54085,54,85,76.7,1.4471
54087,54,87,75.0,1.3592
54089,54,89,72.8,1.7757
54091,54,91,76.2,1.2615
54093,54,93,77.6,2.1006
54095,54,95,78.1,2.2212
54097,54,97,76.3,1.762
54099,54,99,75.7,1.6577
54101,54,101,76.0,2.1659
54103,54,103,75.8,1.7849
54105,54,105,77.4,2.5273
54107,54,107,75.3,2.0768
54109,54,109,72.8,1.6916
55001,55,1,77.2,2.1394
55003,55,3,77.1,1.892
55005,55,5,79.0,1.507
55007,55,7,80.9,2.1685
55009,55,9,79.1,2.2013
55011,55,11,80.8,1.7852
55013,55,13,78.4,1.8767
55015,55,15,80.8,2.1008
55017,55,17,80.0,1.6765
55019,55,19,80.8,1.5038
55021,55,21,80.2,1.6428
55023,55,23,79.7,2.1732
55025,55,25,80.6,2.2937
55027,55,27,78.9,1.7619
55029,55,29,78.9,2.4567
55031,55,31,78.2,2.4034
55033,55,33,81.6,1.9821
55035,55,35,79.2,1.8281
55037,55,37,79.8,2.3028
55039,55,39,80.3,1.695
55041,55,41,77.7,1.8322
55043,55,43,79.6,1.5309
55045,55,45,79.7,1.523
55047,55,47,78.7,1.6975
55049,55,49,80.7,1.4544
55051,55,51,80.1,2.6969
55053,55,53,79.8,1.6468
55055,55,55,80.5,2.09
55057,55,57,78.7,1.5661
55059,55,59,77.6,1.9806
55061,55,61,81.3,1.5095
55063,55,63,79.3,2.1512
55065,55,65,82.5,1.9894
55067,55,67,79.8,2.4245
55069,55,69,78.3,2.1151
55071,55,71,79.6,2.1003
55073,55,73,80.4,1.8715
55075,55,75,79.1,2.265
55077,55,77,78.8,1.5731
55078,55,78,81.5,2.6517
55079,55,79,76.7,2.2366
55081,55,81,79.1,1.3791
55083,55,83,79.0,1.6821
55085,55,85,78.7,1.9424
55087,55,87,79.0,1.9773
55089,55,89,81.2,2.0041
55091,55,91,81.5,1.4999
55093,55,93,81.0,1.5999
55095,55,95,78.7,1.6397
55097,55,97,81.6,2.1618
55099,55,99,78.8,2.2749
55101,55,101,78.0,1.8973
55103,55,103,80.8,1.7353
55105,55,105,77.9,1.9879
55107,55,107,82.1,1.925
55109,55,109,79.7,1.7039
55111,55,111,80.2,1.8333
55113,55,113,77.5,1.9479
55115,55,115,79.5,1.6887
55117,55,117,78.9,1.9263
55119,55,119,83.9,2.202
55121,55,121,80.8,1.6619
55123,55,123,81.0,1.572
55125,55,125,79.0,2.0461
55127,55,127,79.0,1.7753
55129,55,129,77.2,2.1307
55131,55,131,79.9,2.0085
55133,55,133,80.8,2.057
55135,55,135,77.9,1.653
55137,55,137,79.5,1.8829
55139,55,139,78.8,2.0212
55141,55,141,79.5,2.0129
56001,56,1,80.9,2.1282
56003,56,3,81.1,1.8985
56005,56,5,78.4,2.6909
56007,56,7,78.7,1.5684
56009,56,9,82.0,2.9134
56011,56,11,87.1,2.8532
56013,56,13,78.9,1.8765
56015,56,15,81.2,2.0617
56017,56,17,76.5,1.4123
56019,56,19,83.9,2.5296
56021,56,21,80.4,2.3705
56023,56,23,80.6,2.111
56025,56,25,79.5,2.3143
56027,56,27,77.9,1.0001
56029,56,29,81.7,1.7195
56031,56,31,79.0,1.3894
56033,56,33,79.7,1.7252
56035,56,35,82.0,2.0095
56037,56,37,79.2,2.4715
56039,56,39,82.0,2.1403
56041,56,41,77.7,1.0941
56043,56,43,80.6,2.5439
56045,56,45,78.8,1.3664
